code,product_name,brands,quantity,categories,countries
8901719134845,Parle-G Biscuit,Parle,45gm,Dry biscuits,India
8901719134852,Parle G biscuit,Parle,,Biscuits,India
8901063139329,bourbon,britannia,50g,Biscuits,India
8902080000227,Sting Energy,Sting,1,Energy drink with sugar,India
8906010500764,balaji wafers chataka pataka,Balaji,25g,"Biscuits, Crisps, Crackers (Appetizers), namkeen",India
8901063093522,Good Day - Cashew Cookies,Britannia,52.5 g,"Biscuits or cookies variety packs, Biscuit mixes, Biscuits/Cookies (Shelf Stable)",India
8901058017687,maggi,Maggi,75,"Noodles, Maggi, Maggie",India
8901063162914,Marie Gold Biscuit,Britannia,64 g,Biscuits,"India, United Kingdom"
8906010500559,Mung Dal,Balaji,25 g,"Snacks, Food",India
8901764042911,Thums up,Thums up,250 ml,"Carbonated waters, Colas, Sweetened beverages",India
8906010500245,Balaji Wafers Masala Sev Murmura,Balaji Wafers,40 g,Wafers,"France, India"
8906010502232,Balaji wafers panjabi tadka,Balaji,22g,"Crisps, Namkeen",India
8906010500900,Wheelos Masala Flavour,Balaji Wafers,22 g,Appetizers,India
8906010500023,POTATO WAFERS,Balaji,,"Appetizers, POTATO WAFERS",India
8901764032912,Sprite,"Coca-Cola, sprite",250 ml,"Sodas, Sweetened beverages",India
7622202225512,Original Oreo,Cadbury,,"Filled biscuits, Des","India, United States"
8904043901015,Tata Salt,Tata,1 kg,"Table salts, Groceries",India
8901058000290,maggi,Nestlé,70,"Instant noodles, Instant Noodles with Seasoning",India
3948764032912,Sprite,"Coca-Cola, Sprite",250ml,Sodas,India
8901063092853,Good Day cashew cookie,Britannia,30.2 g,Biscuits,"India, United Kingdom"
8906017290040,Bisleri 1ltr MADE IN INDIA,Bisleri,1,Waters,"France, India"
3948764042911,thums up,thumsup,250ml,"Colas, Sweetened beverages",India
8901719129988,Happy happy - Parl,Parle,31.5 g,"Biscuits, Happy happy biscuit",India
7622202334009,dairy milk,"Cadbury, Dairy Milk",11 g,Milk chocolates,India
8906010500627,Chataka Pataka Tangy Tomato,Balaji,,"Crisps, Chatapataka, Chis",India
8901030921667,kissan,Kissan,1,"Ketchup, Tomato & Chill Ketchup",India
8901764092206,Maaza,"Mazza, The Coca-Cola Company",600 ml,"Juices and nectars, juice",India
8901030535895,Bru Instant Coffee,Bru,1.2 g,"Coffees, Instant coffees",India
8901030897542,kissan fresh tomato,Kissan,90g,Tomato Ketchup,India
8901764082405,Kinley Mineral Water 1ltr,Kinley,6,Waters,India
8906010500337,Aloo Sev,Balaji,22g,"Snacks, Snack Mixes, indian",India
8901063029255,Jimjam 57g (57),Britannia,57 g,Biscuits,India
8901491100519,Kurkure,Kurkure,78 g,"Crisps, Namkeen","Canada, France, India, Nepal, Spain"
8901262010016,Amul Pasteurized Butter,Amul,100.0 g,Butters,"Bahrain, Hong Kong, India, Kuwait, Malaysia, New Zealand, Oman, Qatar, Singapore, Sri Lanka, United Arab Emirates, United States"
8901764042904,Thumsup,Coca-Cola,1 litter,Sodas,India
8901262200196,Amul Masti Spiced Buttermilk 200ml,Amul,200mL,"Beverages, Milks, Buttermilks","India, United States"
8906010502119,Chataka pataka,Balaji,25,"Crisps, Chataka pataka","India, United States"
8901764032707,Sprite,Coca Cola,600 ml,"Artificially sweetened beverages, Sodas, Still fruit soft drink with reduced sugar and with 10-50% of fruit juice, Sweetened beverages",India
8906010502294,Flaming hot nachos,,,Crisps,"India, United Kingdom"
8906010500078,Balaji Farali Chivda,Balaji Namkeen,22g,Snacks,India
8901491366052,Puffcorn,Kurkure,58 g,"Crackers (Appetizers), Corn chips, Puffed salty snacks",India
8901719135248,Krackjack,Parle,56.7g,Biscuits,India
8906010501570,Balaji Wafers Crunchex,Balaji,32g,"Crisps, Salty snacks made from potato, Kurkure",India
8996001312506,Malkist Cheese Flavoured Crunchy Layered Cracker Biscuits,Mayora,144g,"Biscuits, Crackers (Appetizers), cream-biscuit",India
8901058005233,Kitkat mini chocolate coated wafer,"KitKat, Nestle nutrition",11.9g,"Chocolate candies, Bars, Chocolate biscuits, Dark chocolate bar",India
8902080104581,Pepsi,Pepsi Cola,400ml,"Carbonated waters, Carbonated soft drinks without fruit juice, Cola with sugar, Diet cola soft drink, Sweetened beverages",India
8901063023901,Marie Gold,Britannia,250,"Biscuits, Snack biscuit with fruits filling",India
8901030921797,kissan fresh tomato,"Kissan, Unilever",,Tomato Ketchup,India
8901719135118,MONACO,Parle,,"Appetizers, Biscuits, Monaco-biscuit",India
8901063162532,Marie gold,Britannia,33g,Biscuits,India
3948764061257,Diet coke,Coca-Cola,300 ml,Diet cola soft drink,India
89080153,Maggi masala magic,"Maggi, Maggie",6g,Spices,India
8901764032905,Sprite,"Coca cola, Sprite",2.25l,"Artificially sweetened beverages, Sodas",India
8904272600291,Storia 100% Tender Coconut Water 1L,Storia Foods & Beverages,10,Coconut waters,India
8901764092305,Maaza Origina,HINDUSTAN COCA-COLA BEVERAGES PVT LTD.,1.2L,Sweetened beverages,India
8901595862962,Schezwan Chutney,Ching's Secret,250 g,Schezean Chutney,India
8901262260121,Amul Taaza Milky Milk,"Amul, Amul taaza",500 ml,Whole pasteurised milks,India
8906010500863,Shing Bhujiya - Nimbu Chatka,Balaji Wafers,24g,"Appetizers, Bhujia, Shing-bhujiq","India, United States"
8901491361026,Kurkure Masala Munch,"Kurkure, PepsiCo",41.5g,"Crisps, Crackers (Appetizers), Puffed salty snacks, Masala-munch-with-gingelly-oil",India
8901764061257,Diet Coke Can 250ml,Coke,4,Diet cola soft drink,India
8906010500481,Crunchm,Balaji,,"Appetizers, Chips and fries",India
8901725016258,Dark fantasy bourbon,,,Biscuits,India
8901764042706,Thumsup,Cola,740ml,"Colas, Sweetened beverages",India
8901764362804,Pulpy Orange,Minute Maid,250ml,Orange juices,India
8904004402636,,Haldiram's,30 g,"Chips, Fast-food","India, United States"
8901719123870,Parle-G 250g,Parle,,Biscuits,India
3948764032707,Sprite,Coca-Cola Company,740ml,"Sodas, Carbonated waters, Sweetened beverages",India
8906032018513,Doodh Biscuits,Patanjali,35 g,Biscuits,India
8901764042300,Thums Up,Coca-Cola,,"Colas, Sweetened beverages",India
8901725118938,Bingo Tedhe Medhe,Bingo,19.2g,"Crisps, Plain salty snacks",India
8901764032301,Sprite,Sprite,1 L,"Sodas, Sweetened beverages",India
8906010500016,Simply Salted,Balaji Wafers,30 g,Crisps,India
8901491001168,Masala munch,,,Appetizers,India
8906010500214,Balaji Wafers Sev Murmura,Balaji Wafers,25g,"Snacks, Puffed rice","Belgium, India"
8901719121630,20-20,Parle,,"Confectioneries, Biscuits",India
8901719105913,parle hide & seek 120g,PARLE,120g,Chocolate biscuits,India
8901030831690,kissan mixed fruit jam,kissan,200g,Tropical fruit jams,India
8901719130014,Happy happy biscuit - Parle - Parle,Parle,63gr,"Biscuits, Happy happy",India
3948764042904,Thumbs Up,,,"Sodas, Thumms up",India
8904004400731,Aloo bhujia,Haldiram's,200 gm,"Snacks, Namkeen",India
8906032018520,Patanjali,,80 g,Biscuit (cookie) snack w chocolate filling,"India, United Kingdom"
8904004400236,Haldiram's Soya sticks,Haldirams,22g,"Snacks, Soya snack",India
8904004403718,Moong Dal,Haldiram's,18,"Crisps, Mung beans, Vegan, Vegetarian",India
8901499008169,Chocos,Kellogg's,",",Breakfast cereals filled with chocolate,India
8906010500818,Potato chips,Balaji,100 gram,Crisps,India
7622202225550,Oreo choco,Cadbuary,,Filled biscuits,India
3948764032301,,,,"Artificially sweetened beverages, Sodas, A",India
8901491101844,Lay's Potato Chips,Lay's,50 g,Flavoured potato crisps,"Canada, India, United States"
8901719117183,Hide & Seek,"Parle, Parle platina",100g,"Chocolate biscuits, Dry biscuits","India, United States"
8904004403732,Haldiram moong dal,Haldiram,200 g,"Pulses, Fried foods",India
6291100213146,UAE by,,500g,Dates,India
8901262010320,Amul Butter,AMUL,200gm,Butters,India
5999884034469,HELL,Hell,250 ml,"Energy drink with sugar, Sweetened beverages","Bulgaria, Croatia, Greece, India, Morocco, Romania, Spain, Tunisia"
8906010501228,Scoopitos Masala Flavour,Balaji Wafers,,Crisps,India
8901719135217,Krackjack,Parle,28.35gm,Biscuits,"India, United Kingdom"
8901030902932,Fresh Tomato Ketchup,Kissan,850 g,Tomato Ketchup,India
8901491103794,Oats,"Pepsico, Quaker",400g,Rolled oats,India
8901499010513,"Muesli Fruit, Nut & Seeds",Kellogg's,750 g,Mueslis with fruits,India
8901063093287,Good Day Cashew Cookies,Britannia,200 g,Biscuits,India
8904327600924,Myfitness Peanut Butter,Myfitness,510 g,"Peanut butters, Nut butters",India
8901030922787,Mixed Fruit Jam,Kissan,90g,Mixed fruit jams,India
8901491366229,Kurkure Solid Masti Masala Twisteez Crisps,Kurkure,61gm,Namkeen,"India, Spain"
8909106018327,Boost,"Boost, Unilever",9 g,Beverage preparations,India
0846203004878,Bakarwadi,Chitale,,"Food, Food Bakarwadi","Germany, India"
8901063092839,Good day 5rs,,,"Biscuits, Biskir",India
8901063014411,Vita Marie Gold,Britannia,,Biscuits,India
3948764032905,,,,,"India, United States"
8901491503051,West Indies' Hot 'n' Sweet Chilli flavor,Lay's,25g,Potato crisps,India
8902579001360,Frooti 125ml,Frooti,125 ml,"Fruit juice concentrates, Frooti-mango-drink",India
8901058000306,Maggi noodles masala,Nestlé,560 gm,Instant noodles,India
8902579002039,appy fizz,parle agro appy fizz,250ml,Carbonated fruit soft drink,India
8903754000062,Tata water 1ltr,Tata,1000ml,Drinking water,India
4897036693469,,,,Energy drinks,India
8902080504060,Packaged Drinking Water,"Aquafina is sold by PepsiCo, PepsiCo",1 l,Waters,"France, India"
89002940,Coconut oil,Parachute,100ml,"Coconut oils, Oil",India
8901725015275,Dark Fantasy Choco fills,"Sunfeast, Sunfeast is sold by ITC Limited",69g (6 packs x 11.5g),Biscuits,India
8901725005856,,,,62.8,India
8904004402612,,Haldiram's,,,India
8901764012914,Coca-Cola,The Coca-Cola Company,250 ml,"Colas, Carbonated soft drinks without fruit juice with sugar, Sweetened beverages",India
90162602,Red Bull Energy Drink,Red Bull,250 ml,"Sodas, Energy drinks, Sweetened beverages, Carbonated Sodas","Albania, Australia, Bulgaria, Egypt, France, Greece, India, Ireland, Morocco, Switzerland, Tunisia, United Kingdom, United States"
8901207025365,Honey,Dabur,250,Honeys,"France, India"
8902579203016,Packaged Drinking Water,"Bailey, Parle Agro",1 l,Mineral waters,India
3948764082405,Kinley 1ltr,,,Waters,India
8906010500870,BALAJI CREAM ONION,balaji,32 gm,"Potato crisps, Wafers","India, Indonesia"
3948764092206,Maaza,The Coca-Cola Company,600 ml,Sweetened beverages,India
8901725118921,tedha medha,bingo,75,Crisps,India
8901719135088,Monaco,Parle,,Appetizers,India
7622202324321,,Dairy Milk,,,"India, United Kingdom"
8901058903164,KitKat win gold,Nestlé,38.5 gm,"fr:Barre chocolatée biscuitée type KitKat, Sweet snacks candies",India
8901123001214,Lotte Choco Pie,Lotte,23g,"Confectioneries, Biscuits, Treat",India
8901063019188,Little Hearts,Brotannica,,Biscuits,India
8906010502973,Papdi gathiya,,,Pulses,India
8906010500047,masala masti,Balaji,15g,Potato crisps,India
8901719135729,Biscuit,Parle G,,"Biscuit with reduced sugar, Bis",India
8901764012273,Coca Cola Coke Brand 750ml,Coca-Cola,5,"Colas, Sweetened beverages",India
8901764175091,Fruit drink,Maaza,135ml,Confectioneries,India
3948764012914,Cocacola zero,Cocacola,250 ml,"Diet cola soft drink, Sweetened beverages",India
8906017290033,Bisleri,BISLERI,500ml,Natural mineral waters,India
8901088068734,Saffola Masala Oats - Classic Masala,Saffola,38 g,"Rolled oats, Oat",India
8901764042270,Thumbs Up 750ml,Coca Cola Company,24,"Sodas, Sweetened beverages","India, United States"
8901491101813,Lays american cream onion,"Lay's, PepsiCo",55 g,Flavoured potato crisps,India
8901063139213,Brit bourbon 150g (sys),Britannia,,Chocolate biscuits,India
8901063014299,Britannia Vita Marie Gold Biscuits,Britannia Industries Ltd.,248 g,"Biscuits, Breakfast cereals",India
4897036691427,Monster Energy Drink 350ml,"Monster, Monster Energy",5,"Energy drinks, Sweetened beverages",India
8906017290064,Packaged Drinking Water,Bisleri,2L,"Natural mineral waters, Packaged water",India
8908003872315,Poha,,,Rices,"India, United Kingdom"
8901719135255,,,,Biscuits,India
8901491503020,Lays India's Magic Masala,Lay's,26.5g,Flavoured potato crisps,India
8901262070546,Chocominis,Amul,250g,"Chocolate Sculptures, Milk chocolate molds",India
8904004403725,Moong Dal,Haldiram's,35 g,"Salty snacks, Namkeen","France, India"
89009758,NESCAFE classic,Nescafe,24gm,"Coffees, Instant coffees",India
8901063019201,8901063019201,Britannia,,Biscuits,India
8901058023787,2-minute noodles masala taste,Maggi,140g,"Herbs and spices, Instant noodles, Tastemaker",India
8901764032271,Sprite 750ml,coca cola,5,"Sodas, Sweetened beverages, Sprite",India
8901491101837,Lays Classics Salted 20rs,Lay's,50g,Potato crisps,India
8901491503037,American Style Cream & Onion 10rs,"Lay's, PepsiCo",24g,Flavoured potato crisps,India
8902579103057,Frooti,Parle,300ml,"Plant-based beverages, Sweetened beverages",India
8901063029279,Jimjam,Britannia,138 g,Biscuits,India
8901764092800,Maaza,Coca-Cola Company,250ml,Fruit juices,India
8904043551548,Modern 100% Whole Wheat Bread,Modern,400 g,Wholemeal sliced breads,India
8903553601613,Mango Pickle,RAM BANDHU,1kg,Plant-based pickles,India
8904004402216,Haldiram Phulhari,Haldiram,,Salty snacks,India
8906010504625,8906010504625,Gippi,,"Crisps, Balaji",India
8901063016873,50-50,Britannia,62.8 g,Biscuits,India
8901719131219,Parle g 800 g,Parle,800g,Biscuits,India
8906001023043,Govardhan pure cow ghee 500ml,Paragon Partners,500ml,"Butters, ghee",India
8902080003075,nimbooz,7up,345ml,Sodas,"India, United States"
7622202237393,Bournvita 70g,,,"Dietary supplements, Dietry",India
8904004400779,Haldiram's Aloo Bhujia,Haldiram's,,"Sev, Snakes","France, India"
8901725007102,Bingo,Itc,21g g,Potato crisps,India
8901595873258,Smith & Jones Ginger Garlic Paste,Smith and Jones,,Canned vegetables,India
8904083303077,Farm Fresh Sahi Plain Yoghurt,Milky Mist,1kg,Yogurts,India
8904004401554,Masala Sev Murmura,Haldiram's,,"Fried Snacks, fried puffed rice",India
8901063142664,britannia,Britannia,,Biscuits,India
8902346034867,,,,Energy drink with sugar,"India, United States"
3948764092305,3948764092305,,,Garam masalas,India
8904004400694,Aloo Bhujia,Haldiram's,42 g,"Snacks, Potato preparations",India
8906010500276,Balaji Wafers Shing Bhujia,Balaji Wafers,25g,Appetizers,India
8904071704527,Plantain Chips (Yellow Banana Chips),,170,Snacks,"India, Indonesia"
8906010502041,,Balaji Wafers,22g,Crisps,India
8908000794023,Pasteurised full cream milk,Gokul,,"Whole milks, Pasteurised full cream milk","India, United Kingdom"
8901719135224,,,,,India
8901262180115,malai paneer fresh,Amul,200g,Paneer,India
8902080002283,7up,PepsiCo Inc.,400ml,"Artificially sweetened beverages, Sodas, Carbonated waters",India
8901764072277,kinley. ORIGINAL STRONG SODA,kinley,24,"Sodas, Sweetened beverages","France, India"
3948764072277,Soda 750 ml,,,Sodas,India
8901491504782,West Indies hotn sweet chilli,Lay's,50gm,Chips,India
8904004400571,,Haldiram's,,,India
8901058023800,Maggi 2-minute noodles Masala,"Maggi, Nestlé",8 x 70g (560g),Instant noodles,"Bhutan, India, Nepal"
8906010500894,Chataka pataka,Balaji Wafers,25g,Puff pastry appetizers,"India, United Kingdom"
8901491100533,Chilli Chatka 20rs,Kurkure,75g,"Crisps, Crispy biscuits","India, Spain, United Kingdom"
8901595862818,Dark Soy sauce,Ching secret,90g,Soy sauces,India
8906010500368,Tikha Mitha Mix,Balaji Namkeen,30 g,Ready-to-Eat Savouries,India
8901491103084,Green chutney style,Kurkure,75g,"Appetizers, Botanas, Snacks salados","India, Spain"
89009949,Nescafe Classic Instant coffee,Nescafe,45g,"Coffees, Instant coffees",India
8906010500030,Malasa Masti,Balaji Wafers,30g,"Potato crisps, Wafers",India
8901725016296,Dark Fantasy Bourbon Biscuit,Sunfeast,108g,Chocolate biscuits,India
8906010503444,8906010503444,,,,India
3948764012273,Coca cola Soft Drink 750ml,Coca cola,750ml,"Cola with sugar and artificial sweetener, Sweetened beverages",India
8901491503013,Yellow Salted Lays,Lay's,,Potato crisps in sunflower oil,India
8901595863280,Schezwan Chutney,Ching's Secret,600 g,Fruit chutneys,India
8902579002442,Appy fizz,Parle,,Sparkling apple juices,India
7622202216695,Gems,Cadbury,7.11g,"Confectioneries, Gems",India
8901719130144,Parle Hide & Seek Cookies,Parle Biscuits PVT Ltd,412.5g,"Candies, Chocolate biscuits, Choco chips",India
8901725013691,Bingo mad snack,,200g,Healthy,India
8904004403671,TASTY NUTS Shing Bhujia,Haldiram's,40g,Snacks,India
8901063012868,Milk bikis biscuits,Britannia,,Biscuit (cookie) vitamins and chemical elements content guaranteed,"India, United States"
8909081005251,Yippee Noodles,Sunfeast,72.6 g,Instant noodles,"India, United Kingdom"
3948764042270,Thumbs Up 750ml pet,Thumps up,750ml,Sodas,India
8901764052910,Limca,Pepsi,100 ml,"Sodas, Carbonated fruit soft drink",India
8901764022913,Fanta,"Coca-Cola, St-Hubert",250ml,"Fruit sodas, Sweetened beverages",India
8904004400250,Haldiram's Soya Sticks,Haldiram's,200g,Snacks,India
8906007280242,refined sunflower oil,fortune,1 l,Sunflower oils,India
8902080204342,Pepsi Brand Mirinda orange flv 2ltr,Pepsico,18,"Fruit sodas, Sweetened beverages",India
8901063162464,BRITANNIA marie GOLD,Britannia,68 g,Biscuits,India
8906010500498,balaji wafers tomato twist,,,"Crisps, Salty snacks made from potato, Chip",India
8901725007508,Bingo! Potato Chips Chilli Sprinkled,ITC,90g,Potato crisps,India
8906006330276,,,,Sunflower oils,"India, United States"
8901764012600,,,,Sodas,India
8901071211307,Hershey's syrup,Hershey's,200g,"Syrups, Chocolate syrup",India
8901719100369,Parle Bis Hide &seek,Parle,33 g,Biscuits,India
8906010503550,Wafers,,,Wafers,India
8902579002299,Smoodh chocolate,Parle Agro,80ml,Chocolate milks,India
8904004400243,Soya Sticks,Haldiram's,,,India
8904335604150,Yoga Bar Millet Muesli,Yoga Bar,500g,Mueslis,India
8904004400687,Haldiram's Aloo Bhujia Sev,Haldiram's,20g,Salty snacks,India
8901491365703,Puffcorn,Kurkure,28 10rs,Corn chips,India
8901262200189,Amul Lassi 200ml,Amul,200mL,"Yogurt drinks, Lassi",India
8901207900839,hajmola,Dabur,120 Tablets,,India
8901764362309,Pulpy orange,Minute Maid,1L,Orange juices from concentrate,India
8901058005080,Munch Max,Nestlé,38.5 g,"Biscuits, Candy chocolate bars","India, Indonesia"
8902080001828,Pepsi Zero Sugar,PepsiCo Inc.,400ml,"Diet cola soft drink, Cold Drink",India
8901088050586,Parachute Coconut Oil,Parachute,,Coconut oils,"India, United Kingdom"
8901058009729,Masala Veg Atta Noodles,Maggi,72.5g,Instant noodles,India
8904004409253,Potato Lite,Haldiram Snacks Pvt. Ltd.,15g,Potato crisps,India
8906009501031,Pasteurised Cow Milk,Chitale,500 ml,Whole milks,India
8906010500429,Unknown Product,,,Balaji,"India, United Kingdom"
8901063093591,,,,Biscuits,"India, United Kingdom"
8901058000269,Maggi,Maggi,280g,Noodles,"India, Mali"
19017198,Parle tostea 1kg,"Parle, Simply Good, Wholesome",22g,"Biscuits, 100g wheat per amount","Ghana, India"
8901030831706,Mixed Fruit Jam,"Hindustan Unilever Limited, Kissan",500g,Mixed fruit jams,"Canada, India"
8901207005527,Honey Squeezy,Dabur,400g,"Honeys, Food","France, India"
8901595863013,Schezwan Chutney,ching's,30 g,"Salted spreads, Dips, Onion chutneys, Schezwan Chutney","Bangladesh, Bhutan, India, Nepal"
8906010503529,CHRUNCHEM Masala Masti,Balaji,150,Potato crisps,"Ghana, India"
8909081005046,Dark Fantasy Choco Fills,Sunfeast,,Chocolate biscuits,India
7622202309830,Bournvita 200g,,200g,,India
8904422711365,Nariyal Biscuit,Patanjali,68g 10 Biscuit per Packet,"Biscuits, 100, Coconut Biscuits","India, United States"
3948063139329,,,,,India
3948764032271,Sprite,Coca Cola,750 ml,"Artificially sweetened beverages, Sodas, Sweetened beverages",India
8901491000789,Lays India's magic masala,Lay's,90 g,Flavoured potato crisps,"France, India"
8902080364022,Mountain Dew,PepsiCo,250 ml,"Sodas, Carbonated waters, Energy drinks, Sweetened beverages",India
8902346012353,Oral Rehydration Salts I.P. Electral,FDC LIMITED,21.80 g,Non food products,India
8901262020039,Amul cheese,Amul,200 g,Cheeses,India
8901088047142,parachute oil,parachute,250ml,Coconut oils,"India, Singapore"
8904004404630,salted peanuts,haldiram's,25g,"Legumes, Peanuts",India
8902080404575,Mango Slice 1.75ltr,PepsiCo Inc.,29,Fruit-based beverages,India
8901725000622,sunfeast Mom,Sunfeast,30,"Confectioneries, Biscuits",India
8901030877131,Real Mayonnaise,Hellmann's,85 g,"Confectioneries, Mayonnaises",India
8901030902369,Knorr hot & sour veg soup,Knorr,10,Dehydrated soups,India
8904004403800,Moong dal,"Haldiram, Haldiram's",400 g,"Snacks, Pulses",India
8901063092822,BRITANNIA Good day  BUTTER COOKIES,Britannia,52.5 g,Biscuits,India
7622202324574,,,,A,India
8901063014404,,,,Biscuits,"India, United States"
8906004560149,,,,,"India, United States"
7622202252419,Oreo 30 rs,,,Biscuits,"India, United States"
8901058022179,Munch,Nestlé,17.4g,"Chocolate stuffed wafers, Chocolate Wafer",India
8901063367173,5050 Maska Chaska,Britannia,,Biscuits,"India, United States"
8901063142015,Nutri Choice,Britannia Digestive,100 g,Biscuits,"France, India"
8908005144632,Muesli dark chocolate cranberry,Yoga bar,400,Mueslis,India
8904327600405,Myfitness Chocolate Peanut Butter,Myfitness,510 g,"Peanut butters, Nut butters",India
8901030735097,Vanilla Ice Cream,Kwality Walls,,Ice creams,India
8901491103046,Kurkure Green chutney,,33g,Appetizers,India
8906010503512,Balaji wafers,Balaji,135g,"Crisps, Salty snacks made from potato",India
8906010500092,Balaji Wafers Crunchex,Balaji Wafers,,Potato crisps,India
8902080204588,8902080204588,Mirinda,,Fruit juices,India
8906010501242,wheelos masala flavour,Balaji Wafers,,Crisps,"India, United States"
8906001023050,Gowardhan pure cow ghee,Gowardhan,200ml,"Butters, ghee",India
8909081001147,bounce,Good Life,29,Unsalted cashews,India
8901725012953,sunfeast Marie light 10 MRP,Coffee-Mate,,Biscuits,India
8901595972111,8901595972111,,,Masalas,India
8904327600948,MYFITNESS Chocolate Peanut Butter Crunchy,MYFITNESS,,Crunchy peanut butters,India
8901030702556,Kissan sweet & spicy,,415,Sauces,India
7622202325960,Bournville Intense 70% Dark,Cadbury,75g,Dark chocolate bar,India
8906010502492,,,,,India
7622202318078,5 Star Chocolate Bar,Cadbury,18g,"Confectioneries, Milk chocolates, Sugar-boil",India
8901491502030,Lay's American Style Cream & Onion Flavour,Lay's,12.3g,Potato crisps,India
8901491380010,Solid Masti Masala,Kurkure,10rs,"Snacks, Fried-snacks",India
8901030872693,Real mayonnaise,Hellmann's,800 g,Mayonnaises,India
3948764092800,maaza,coco-cola,200ml,"Sweetened beverages, Cool drink",India
8901088068741,Masala Oats - Peppy Tomato,Saffola,38g,"Breakfasts, Oat",India
8901262200004,Butter milk amul,Amul,500ml,Buttermilks,India
8901063028241,8901063028241,,,Biscuits,India
8901088000345,Coconut oil,Parachute,200ml(182g),Coconut oils,"France, India, Somalia"
8901262151863,Amul Fresh Cream,Amul,250 ml,"Creams, Milks, Fresh cream cheese with cow's milk",India
8904004400045,,Haldiram's,200g,Appetizers,"France, India"
8901262020015,Cheese slices,Amul,200 g,"Cheeses, Processed cheese in slices",India
8906017290774,Soda,Bisleri,750 ml,"Sodas, Carbonated waters",India
8901012350010,Apple drink,johnson and Johnson,200 ml,"Apple juices, Apple soft drinks",India
8901491000772,Lays american onion 80gm,Lay's,82 g,Flavoured potato crisps,India
8901262172448,Amul Chocolate Brownie,Amul,1L / 540 g,"Ice creams, Chocolate icecream, Icecream",India
0846203081923,,chitale,250 g,Salty snacks,India
8901058016222,Pichkoo RICH TOMATO KETCHUP,Maggi,75g,Ketchup,India
7622202315152,,,,Caramel chocolate bars,India
8901058017601,Nescafe 10 rupees,,,"Coffees, Instant coffees",India
8901491103800,Oats,Quaker,1kg,Rolled oats,India
9300633929169,Chunk Light Tuna,Woolworths,,Tuna chunks,"Canada, India"
8901063017627,Brit 50-50 maska chaska 40g (20),Britannia,,Biscuits,India
8901262150088,Milk,Amul,200 ml,Whole milks,India
8906009803777,Waffy - choco flavoured wafer roll,Dukes,250 g,"Chocolate stuffed wafers, Thin crunchy wafer biscuit with chocolate",India
8901207025372,Dabur Honey,Dabur,500 g,Honeys,"India, Indian subcontinent"
8901207062865,Hajmola,Dabur,120N,"Laxative, medicine",India
8901262151696,Amul Lassi 250 ml,Amul,250 ml,"Yogurt drinks, Dairy based drink",India
3948764175091,maaza,Tetra Pak,153ml,Sweetened beverages,"India, United States"
8901030898105,Hellman's Real Mayonnaise,Hellman's,250g,Mayonnaises,India
8901262070676,Dark Chocolate,Amul,150 g,"Bars, Dark chocolates",India
8906010500085,Chevdo,Balaji,,,India
8901058003000,Pazzta Cheese Macaroni,Maggi,75g,Pastas,India
8901058015171,Nestle KitKat,Nestlé,22.1,Chocolate biscuity bars,India
8906010500269,Poprings Masala flavour,Balaji,22 g,Wafers,India
8901764112270,Coca Cola Zero Sugar,Coca cola zero,750 ml,Diet cola soft drink,India
8906004560767,,,,Greean,"India, United Kingdom"
3948764111259,Coca cola zero 300ml can MFD10/04/2025,,,Diet cola soft drink,India
8906010500702,Chana dal,Balaji Wafers,24g,"Snacks, Chickpeas",India
4897036692455,Monster Energy Ultra,"Monster, Monster Energy",350ml,"Energy drinks, Caff","India, United States"
7622202272639,Cadbury Dairy Milk,Cadbury,21g,"Confectioneries, Milk chocolates",India
8906136651968,High Protein Oats Chocolate,Pintola,1kg,"Breakfast cereals, Oat",India
8904482000003,Hamdard Roohafza,Hamdard,,Beverage preparations,India
8901719125348,8901719125348,Parle,,Biscuits,"India, United States"
8901058018677,Rich Tomato Ketchup,,,Ketchup,India
8908013982646,Lahori Zeera,Lahori Zeera,160 ml,"Sodas, Carbonated fruit soft drink",India
8904258701707,Coconut Water,RAW Pressery,5,"Waters, Coconut waters",India
8906009532356,CHOCOLAMOND SNACK BAR,MAX PROTEIN,50g,"Energy bars, Protein bars",India
89000724,kinley water 500ml,,4,Waters,India
8906035030055,Refined Sunflower Oil,Freedom,1 l (982 g),Sunflower oils,"India, United States"
8904043926612,Himalayan Rock Salt,TATA Salt,1 kg,Rock salts,India
8901499023339,"Muesli Fruit, Nut & Seeds",Kellogg's,75 g,"Seeds, Mueslis with nuts",India
8904043552644,Modern Sandwich Supreme Bread,Modern,,White breads,India
8901595863594,Schezwan Chutney,,,Fruit chutneys,"India, Ireland"
8903553851377,Temptin  TOMATO KETCHUP,,,Ketchup,India
8904004402247,Farali Chiwda,Haldiram's,200g,Potato crisps in sunflower oil,India
8901719121685,20 20 butter cookies 200g,parle,200,Biscuits,India
8901058017670,Maggi 280g,Maggi,280,Noodles,"India, United States"
8901262260107,Amul Gold Milky Milk,Amul,,"Milks, Full cream milk",India
0716270001660,Ginger Crystallized In Dark Chocolate,Chocolove,3.2 g,"Candied fruits, Ginger, Crystallized ginger, Groceries","India, United States, world"
8901207006241,Dabur Chyawanprash,Dabur,,"Sweeteners, Dietary supplements, Ayurvedic, Pro","India, United States"
8901764111259,Coca cola zero sugar 300ml,Coca-Cola,16,Diet cola soft drink,India
8901030902352,knorr Tomato chatpata,Knorr,13,Non veg,India
8901088068758,Saffola Masala Veggie Twist Oats,Saffola,38 g,Oat,India
8901088000451,Parachnute 100% Pure Coconut Oil,Parachute,,Coconut oils,"France, India, Somalia"
8906009070834,Unibic cashew badam cookies 500g,Unibic,450g,Biscuits,India
8886467122408,Pringles Sour Cream & Onion Flavour Potato Crisps,Pringles,107g,Stacked extruded potato crisps,India
8901063163331,Tiger glucose biscuit,Britannia,,Biscuits,India
8904004400601,Haldiram Lite Chiwda,Haldiram's,200 g,"Crisps, Crackers (Appetizers), Puffed salty snacks",India
8906010501952,Balaji Wafers Rumbles Potato Chips Pudina Twist flavour,"Balaji Wafers, Balaji, Rumbles",40 g,Potato crisps,India
8901063093089,Good day Cashew,Britannia,120 g,Biscuits,India
8901030987007,Knorr Schezwan Sauce 200 g,Knorr,200g,Sauces,India
7622202237416,Bournvita 13.4g,,,Cereal based beverage mix,India
8908006989355,,,,Food,India
8901063155534,Krunch ChocoChips,"Britannia, Tiger",60g,Biscuits,India
8901764312601,,,,Diet sodas,"India, United States"
8904004401561,,Haldiram's,,Food,India
8901719135477,Parle G gold,Parle,1 kg,Biscuits,India
8901764972041,,,,"Sodas, Beverages from desugared fruit juices","India, United States"
7622202344213,,,,Dietary supplements,"India, United Kingdom"
8901491367219,kurkure,kurkure,25g,"Appetizers, Kurkure",India
8906069403412,Chef's Special Tomato Ketchup,VEEBA,900g,Tomato Ketchup,India
8902080364589,Mountain Dew,PepsiCo,400 ml,"Sodas, Sweetened beverages",India
8901207040337,Chyawanprash Awaleha,Dabur,950 g,Chyawanprash,"India, Italy"
0020357122682,Milk,Mestla,100,Milks,"Germany, India"
8906017290026,Bisleri Water 250ml,Bisleri,250 ml,Waters,India
8901764092152,Maaza Original 1.75ltr,HINDUSTAN COCO-COLA BEVERAGES PVT.LTD,3,"Sweetened beverages, Cooldrank",India
8904109450112,,,,,"India, Singapore"
8901491981552,Lay’s Chile Limon 20rs,Lay's,55 g,"Crisps, Salty snacks made from potato",India
8901764011252,Coca cola Original Taste 300ml can,Coca-Cola,300 ml,"Carbonated waters, Colas, Sweetened beverages, Carbonated soft",India
8901491981538,Lay’s Chile Limon,Lay's,10rs,Snacks,India
8904004401134,Haldiram's Khatta Sweet and Salty mix,Haldiram,1 400grams,Mix of Sago and rice flakes,"France, India"
8901030953217,Kissan Sweet & Spicy Sauce,Kissan,850 g,Tomato sauces,India
8901491365666,Kurkure Puffcorn,Kurkure,16g,Corn chips,India
8908005144014,Multigain energy bar,Yoga Bar,38 g,Cereal bars,India
8902080204021,Mirinda,"Mirinda, PepsiCo Inc.",250 ml,"Sodas, Carbonated waters, Carbonated soft drinks without fruit juice with sugar, Sweetened beverages",India
8901512540102,Act II Classic Salted,ACT II,40g,Popcorn,India
8901063338593,100% Whole Wheat Brown Bread,Britannia,,Breads,India
8901030980053,Peanut Butter Crunchy,Kissan,350g,"Peanut butters, Nut butters",India
8906001023036,Pure Cow Ghee,Gowardhan,1L,"Butters, Butter fat","France, India"
8908000861107,GOPAL,gopal,,,India
8909081001123,Bounce Chocho,Sunfest,31,"Chocolate candies, Chocolate biscuits, Biscuit (cookie) snack w chocolate filling",India
8906053810264,,,,Jaggery,"India, United States"
8903241110434,Kolhapuri Thecha,Pravin,100g,"Chilli-garlic paste, Hot chilly sauce",India
8904004400021,bhujia sev,Haldiram's,35g,Fried foods,India
8901719129179,PARLE COCONUT,Parle,,Biscuits,India
8901719126468,parle 20-20,Parle,,"Biscuits, Buiscuit",India
8906002006601,8906002006601,Dr. Oetker,,French sausages,India
8906004560262,,,,Crisps,India
8901030779282,Green tea honey lemon 25 Tea Bags,Lipton,,Green teas,India
8901491001809,Lay's Sizzlin Hot,Lay's,52.9g,Crisps,India
3948764052910,Limca,,,Sodas,India
8908010900070,Pintola all natural peanut butter (crunchy),Pintola,1 kg,"Nut butters, Crunchy peanut butters","India, United States"
8901725123123,iodized salt,Aashirvaad,1kg,"Spices, Iodised salts",India
8901725104641,Sunfeast moms magic cashew almond,Sunfeast,584 g,,India
3948764022913,fanta coca cola,Everest Turmeric powder tikha lal,"Pepsi cold drink produced & Litchi,water 1ltr","Sodas, Pran Lichi",India
8901030919305,pizza & pasta sauce,Knorr,200g,"Pasta sauces, Pizza sauces",India
8886467122439,Pringles Desi Masala Tadka Flavour,Pringles,107 g,Stacked extruded potato crisps,India
8906010502300,balaji wafers flamin hot,,,veg wafers,India
8904071700192,Golden potato chips,,,Potato crisps,"India, United States"
8901088136945,100% Pure Coconut Oil,Parachute,300mo,Coconut oils,India
8906032018919,Nutrela Soya mini chunks,Nutrela,50g,"Soy beans, Soybean flours, Textured soy protein, Nutrela-soya-mini-chunks",India
8996001312476,,Mayora,,,India
8906032018810,Patanjali Doodh biscuits,Patanjali,800g,Biscuits,India
8904004404661,salted peanuts,Haldiram's,,Salted peanuts,India
8901117250000,prolyte ors Orange flavour,cipla health,200ml,"Dietary drink for sport, Artificial Juice",India
8906010500511,Chataka Pataka,Balaji,48g,"Crisps, Namkeen",India
8901725015886,Dark Fantasy Choco Fills,Sunfeast,20 g,Chocolate biscuits,India
8904071700031,Masala Banana Chips,Chheda's,170gm,"Chips and fries, Olives, Banana breads",India
8902579001438,Appy Fizz,Appy,,Beverages,India
8906010501822,GIPPI,Balaji,gippi,"Cereals and their products, Noodles",India
8901725005986,Sunfeast Yippee! masala magic,"Sunfeast, Yippee!",560g,Instant noodles,India
8904090906520,Garlic mixture,Rajam snacks,800 g,Snacks,India
8901262174114,King Alphonso Gold Ice Cream,Amul,,Ice cream in a box,India
3948262200196,amul butter masti 15,,,,India
8901725018016,Yippee noodles (snack pack),Sunfeast,48,"Snacks, Noodles",India
7622202324260,Dairy Milk Chocolate,,,"Milk chocolates, Candy chocolate bars, Ch",India
8906080604690,Swing Coconut Water,Paper Boat,270ml,Beverages,India
8901030735110,,,,Ice cream tubs,India
8901058851298,Maggi 2-minutes Noodles,"Maggi, Nestlé",70 g,Instant noodles,India
19010588,Chicken noodles,"Maggi, Nestlé",71 G,"Meals, Instant noodles, Chicken Noodles",India
8902080104055,Pepsi Drink 750ml,The Coca-Cola Company,11,"Colas, Sweetened beverages",India
8906002000494,Dr Oetker Funfoods Veg Mayonnaise,"Dr. Oetker, Funfoods",250,Mayonnaises,India
8901491702188,Oats,Quaker,,Rolled oats,India
8901491001854,PEPSICO.,Lay's,,Potato crisps,India
8901595851218,Veg Hakka Noodles,Ching's Secret,140 g,"Pasta dishes, Instant noodles",India
8906010500535,Balaji Wafers Chaat Chaska,Balaji,35 g,"Crisps, Salty snacks made from potato",India
8901512540201,ACT TT GOlDEN SIZZLE,ACT II,35,Popcorn,India
8906005508904,Bikaji mobile bhel chowpati bhelpuri,Bikaji,110g,Snacks,India
8901058904741,Nestle kit Kat (Ind),KitKat,,"Wafers, Chocolate biscuity bars",India
8901058875577,Milkybar,Nestlé,,Milk chocolate bar,India
8901063142244,Nutri choice zero,Britannia,100g,Biscuits,India
8906010501419,poprings,balaji,30g,Sweet snacks,India
8906006721821,lion kimjo Dates,LION,500 g,"Dried fruits, Dates",India
8904004400588,Haldiram's Lite Chiwda,Haldiram,57 g,,India
8901764175015,Maaza,Coca-Cola,125ml,"Fruit juices, Sweetened beverages, Mango-juice",India
8904004403626,,Haldiram's,,,India
8901088213608,Saffola Oats,"Saffola, Marico",1kg,Rolled oats,India
8906007611602,Kreamy magic,Kwality,60gram,Cream pav,India
7622202216916,Cadbury Chocobakes 17gm,Cadbury,17g,Confectioneries,India
8901058016116,KitKat 50,KitKat,19 gm,"Chocolate candies, Chocolate-covered biscuits",India
8901063365964,Britannia Chocolate Cake 100gm,Britannia,,Cakes,"Australia, India"
0846203004885,BAKARWADI,Chitale,500g,Spices,"India, United States"
8901719135156,PARLE MONACO,parle,185.6,"Biscuits, Bi",India
8906151420389,best misal farsan,Sitashree LaxmiNarayan,325 g,Snacks,"India, United Kingdom"
3948764012600,Coca cola 400,Coca-Cola,,Colas,"India, United States"
8901719127106,NG,,,"Biscuits, Buiscuits","India, United States"
8906010500320,8906010500320,,,,"India, United States"
7622202324697,,,,Chocolates,India
8906031252314,Chakote Slice Cake,Chakote,,Cakes,India
8901058022193,Maggi Noodles,Maggi,70g,Instant noodles,India
8901246005373,TOMATO KETCHUP CLASSIC BLEND,Del Monte,900 g,Ketchup,India
5449000000996,Coca-Cola,"COCA-COLA SERVICES SA/NV, Coca-Cola",330 ml,"Colas, pt:bebidas cafeína","Albania, Austria, Belgium, Bulgaria, Canada, Czech Republic, France, Georgia, Germany, Ghana, Iceland, India, Italy, Latvia, Lithuania, Mexico, Morocco, Poland, Romania, Senegal, Spain, Switzerland, Turkey, Ukraine, United Kingdom, United States"
8901207019234,Hajmola,Dabur,120Nos,"Ayurvedic, Digestive-tablets",India
8902080204052,Mirinda orange Flavour 750ml,Mirinda,24,Fruit-based beverages,India
8904004400083,Haldiram's Bhujia sev,Haldiram's,400g,Salty snacks,"India, Singapore"
8901262071864,99% Cacao Ultimate Dark Chocolate,Amul,125 g,Dark chocolate bar,India
8904272600154,Storia Tender Coconut Water,Storia,,"Waters, Coconut waters",India
8901262020046,Pure Milk Cheese Slices,Amul,100g,Cheeses,"France, India"
8901030902383,Manchow Veg,Knorr,11g,"Dried meals, Soup mixes",India
8901063162648,Britannia Marie Gold,Britannia,,Biscuits,India
8906090573047,Too yummy Chips green,,,Crisps,India
8904004407617,Taka-tak,Haldiram's,,Crisps,India
8906010261078,Refined Sunflower Oil,Gold winner kaleesuwari,1l (910g),"Sunflower oils, Refined sunflower oils",India
7622201763329,Orange Tang,,,Beverages,India
00001295,Feed Grade Soybeans,"H‑E‑B, Rural Route 1",,,"India, Ireland, world"
8906006783058,D-lite Tomato Ketchup,Surabhi,1kg,Tomato Ketchup,India
8904004404647,salted peanuts,Haldiram's,200g,Peanuts,India
8904320015404,Peanut Butter - Crunchy,Disano,924g,"Peanut butters, Nut butters","India, Japan"
8906010501198,Crunchem Pizzy Masala,Balaji,30 g,"Crisps, Chips",India
8906113490887,Tata Soulfull Millet Muesli,Tata Soulfull,1KG,Mueslis with nuts,India
8906127550010,Natural Peanut Butter Crunch,ALPINO,1kg,"Peanut butters, Nut butters","India, United Kingdom"
8904004402537,,Haldiram's,,,India
8908002506969,BAT Shamim  Dates,"BAT, Bait Al Tamur",400g,"Dried fruits, Dates, Dry fruit","India, United Kingdom"
8906010450021,Budhani Bros Potato Wafers,Budhani Bros,,"Crisps, Chips, Plain salted Chips",India
8886467124723,Pringles sour cream 40g,,,Stacked extruded potato crisps,India
7622202328770,,,,Chocolates,"India, United States"
8906009502120,Chitale Shrikand,Chitale,500 g,Desserts,India
7622202318139,,,,23,"India, United States"
3948764011252,CocaCola,Coca Cola,,"Colas, Sweetened beverages",India
8901071706834,HERSHEY'S SYRUP 623g,Hershey's,623 g,Simple syrups,India
8901512144805,Peanut butter,Sundrop,924,"Peanut butters, Nut butters","India, United Kingdom"
8901262150064,Amul Taaza 1ltr,Amul,1L,"Toned milks, Whole milks","France, India"
8902080404094,Mango Slice,PepsiCo,600ml,Sweetened beverages,India
8901491435109,Potato chips (Spicy Treat flavour)20rs,Uncle Chipps,52 g,Potato crisps,"Canada, India, United States"
8902579103170,Frooti,"Frooti, Parle Agro",600 ml,"Fruit juices, Sweetened beverages, Ready to serve fruit drink",India
8886467122446,Pringles - South African Style Periperi Flavour,Pringles,,Stacked extruded potato crisps,India
8901725013684,Madangle Achari Masti,ITC,66 gm,"Crisps, Namkeen",India
0941458000290,2-minute Noodles,Maggi,,Instant noodles,"India, United States"
8902579001599,Frooti,,,Sweetened beverages,India
8902080364060,Mountain dew,Pepsi,1l,Waters,"India, Nepal"
89008751,,,,,India
8901058007220,Maggie masala magic,Maggi,,Masalas,India
8904004405415,Haldiram's Soan Papdi (indian Sweets),Haldiram's,,"Pastries, Candies, Indian sweets","France, India"
8906017290125,Vedica,Bisleri,1L,Natural mineral waters,India
8901262173490,Vanilla ice cream,Amul,,Ice cream in a box,India
8904071700024,Salt-n-Pepper Banana Chips,Chheda's,150g,"Crisps, Nuts, Dried bananas, Banana chip","Germany, India"
8908005144618,Yoga Bar Super Muesli 0% Added Sugar,Yoga Bar,400g,Mueslis,India
8901499010483,Kelloggs Muesli,Kellogg's,240g,"Cereal flakes, Mueslis with fruits",India
8904004401066,Khatta Meetha,Haldiram's,23g,"Flours, Processed, Sago and Rice Flake snacks",India
8906127550850,High protein super oats chocolate,Alpino,1 kg,"Mueslis, Rolled oats",India
8906026900022,sugar,madhur,1 kg,Sugars,India
8904004402834,Panchathanthra mix,Haldiram's,,B,India
8908009059185,Zero Maida Whole Wheat Bread,The Health Factory,350g,"Bread loaves, Whole wheat bread",India
8903754000086,Tata Copper+,Tata,,Waters,India
8906009079165,Unibic Choco Chip Cookies,Unibic,100 g,Chocolate chip cookies,India
8901648002444,Mother Dairy Probiotic Tadka Chach,Mother Dairy,270ml,"Butter-milk, Probiotic drink",India
8901725015015,8901725015015,Sunfeast,242g,Biscuits,India
8902080614059,,"Duke's, PepsiCo",,Carbonated waters,India
8906017291337,8906017291337,bislery,,Mineral waters,"India, United States"
8903241110038,Mango Pickle,Pravin,,Pickles,India
8903363009371,,,,Chickpeas,"India, United States"
8904071701229,Soy snack,,,,"India, United States"
8906151420235,Laxminarayan mix farsan,1,,,India
8906027713560,,,,,"India, United States"
8901725005924,sunfeast yippee,Sunfeast,280,Instant noodles,India
8908019319187,,,,Snacks,India
7622202265525,,,,Chocolate biscuity bars,India
8901719135767,Parle-G ROYALE,Parle,4 Biscuits and 48g,Dry biscuits,"India, United Kingdom"
8906004561054,,,,,India
8909081005053,8909081005053,dark fantasy,471.5g,Biscuit (cookie) snack w chocolate filling,"India, United Kingdom"
89080672,Masala ae magic,"Maggi, Neslé, Neslé india",6g,Masalas,India
89080146,Nescafe classic,,,"Coffees, Instant coffees",India
8901522002096,,,,,"India, United States"
8901719135323,parle krackjack,Parle,,Biscuits,India
8901058010749,Maggie,"Fassi, Fssai, Maggie",280 gram,"Confectioneries, Maggie",India
8901063367180,Brit 50 50 maska chaska 100g,,,Biscuits,India
8909106052185,Classic Malt,Horlicks,15g,Beverage preparations,India
8904004402674,,,,,India
8902346050560,Enerzal Orange Flavour,"Enerzal, FDC",75 g,Energy drink without sugar and with artificial sweeteners,India
18111286,18111286,,,Chocolates,"India, United States"
7622202334115,Fuse chocolate 21g,,,,"Bangladesh, India"
8901262010023,Amul pasteurised butter,Amul,250,"Cheeses, Butters",India
8901063162549,Marie gold,Britannia,,Biscuits,India
8901071211161,COCOA POWDER MEDIUM FAT COCOA POWDER,HERSHEY'S,225 g,"Cocoa powders, Powder",India
8901491503044,Lays,Lay's,,Potato crisps,"India, United States"
8901063139336,Britannia bourbon 100g,Britannia,100g,Biscuits,India
8901058000252,8901058000252,Maggi,420,Food,India
8906002006243,Peanut Butter Crunchy,Dr. Oetker FUNFOODS,400g,"Peanut butters, Nut butters",India
8901764042805,Thums Up,Coca-Cola,1.25 l,"Colas, Sweetened beverages",India
0015000047757,Yogurt blends snack,Gerber,14 oz,,"India, United States"
8901063142466,Nutri Choice Digestive,Britannia,50 g,Biscuits,India
8901207005374,Honey,Dabur,100,Honeys,India
8901393019452,Happydent Gum,Happydent,30.6,Sugar-free chewing gum,India
8901058003017,Pazzta Masala Penne,Maggi,69.5 g,"Pastas, Instant pasta",India
8908008674808,Wafer,Nabati,28 g,"Chocolate biscuits, Stuffed wafers",India
8901063004139,Britannia Good day Chocolate Cookies 400g,Britannia,,"Chocolate biscuits, Chocolate biscuity bars",India
8901595862825,Red chilli sauce,Ching's,90,Sauces,India
8904083302292,Greek Yogurt,Milky Mist,100g,Greek-style yogurts,India
8901030922770,For PKD. Use By & Batch No. (see side seal),,,,India
8902579002497,SMOODH CHOCLATE FLAVORED MILK,"Parle, SMOODH",150 ML,Dairy drinks,India
8901063032446,Britannia Treat croissant coco cream bauli,Britannia,45g,"Croissants, Chocolate croissant",India
8901764022906,fanta,Fanta,2.25 L,Beverages,India
8901071701372,Hershey's spreads,hershey's,350 g,"Sweet spreads, Confectioneries",India
8901595971244,Ching's Hot and sour,,12,Soups,"India, United States"
8902080404179,Slice,,,,India
8906009531533,Choco Classic Bar,Max Protein,50 g,Protein Energy Bars,India
8902080002771,Tropicana Fruitz,"Tropicana, Pepsico",500ml,Fruit juices,India
8901262200622,Amul Masti,Amul,390 g,Curd,India
8901058861921,Milky bar,Nestlé,42 g,"Chocolate candies, Milk chocolate bar",India
8904335602392,Daily 10g Protein Bar,Yoga Bar,50g,Protein bars,India
8904132975408,campa cola,Campa,500 ml,Colas,India
8908000794054,Pasteurised Cow Milk,Gokul,,Dairies,India
8904071702349,Mix Farsan,,500 g,Appetizers,India
8904335601869,Yoga bar 23G protein muesli + choco almond + cranberry,Yoga bar,,Mueslis,India
8901030951091,,,,,India
8906010503482,Tomato Twist,,,Crisps,"India, United States"
8901595862801,8901595862801,,90 g,Green chilli sauce,India
8902579002312,Smoodh chocolate hazelnut,,,,India
8901262202220,Dahi Yogurt,Amul,,Curd,"India, United States"
8906010504359,Snack'em Chokdi Masala,Balaji Wafers,,,India
8901262202244,Tadka Chhach Probiotic Buttermilk,Amul,300 ml,"Buttermilks, Chaas",India
8901058022087,Munch,Nestlé,,Candy chocolate bars,India
8901063362710,CAKE GOBBLES,Britannia,,Cakes,India
8901063016941,Classic ( Britannia ),Britannia,,,India
8901063028234,,Brittania,,Biscuits,India
8901719134937,Parle g dark biscuits,Parle,50 g,"Biscuits, Parle g biscuit","India, United States"
8901012100806,,,,,India
8902579003470,Smoodh Masala Flavoured Buttermilk,Smoodh,,Buttermilks,India
8901725016234,Sunfeast Dark Fantasy Bourbon,Sunfeast,,Biscuit with a chocolate bar covering,India
8902579003456,Smoodh Chaas,"Parle Agro, Smoodh",180ml,Flavoured buttermilks,India
8901063012493,Milk Bikis biscuits,Britannia,,Biscuits,India
8901063155343,Britannia Tiger Crunch ChocoChips,Britannia,,Biscuits,India
7622202328800,,,,Chocolates,"India, United States"
3948764112270,Zero cocacola,,,,India
0941458017687,Maggi 70g,Maggi,70g,,India
8901719125478,Parle-G gold 75g,Parle,50 g,"Plain biscuit, Gluco biscuit",India
8902080364053,Mountain Dew,Pepsico,750,Sweetened beverages,India
8901207036989,Chyawanprash,Dabur,550 g,"Sweeteners, Dietary supplements",India
8902080304059,7up Super Duper 750ml,PepsiCo,16,"Sodas, Drinking",India
8901192205100,catch chat masala,Catch,100g,Mixtures of herbs and spices,India
8901719101038,Parle - G,Parle,,Biscuits,"Canada, India"
8901764032400,Sprite Lemon Lime flv Coke Brand 2ltr,"The Coca-Cola Company, कोका कोला क",9,"Sodas, Carbonated waters",India
8901123005403,Lotto Choco Pie With Rich Marshmallow,Lotte,336g,"Chocolates, Chocolate biscuits","Australia, India"
8901719117220,Parle Hide &seek 200g(30),Parle,,Chocolate biscuits,India
8906010500221,Balaji Wafers Mung Dal,Balaji,,Fried and Salted Green Gram,India
8901117250352,oral rehydration salts,cipla,21g,"Waters, Open Products Facts",India
8906069401210,Peanut butter,veeba,925g,"Peanut butters, Nut butters",India
8901262172493,Amul Chocochips Icecream,Amul,540g,Ice creams,India
8901764048319,Charged berry bolt,Thums Up,250 ml,"Sweet snacks, Energy drinks, Carbonated fruit soft drink with sugar and artificial sweeteners and with less than 10% of fruit juice, Caffeine beverage",India
8901123005410,Lotte Choco Pie,Lotte,504g,Snacks,India
8901063017399,Britannia 5050 maska chaska (300g),Britannia,,Biscuits,India
8901499010742,Chocos Crunchy Bites,Kellogg's,375g,"Chocolate cereals, Food",India
8904004401073,Haldiram khatta mitha,haldiram,50g,"Snacks, Rice-flakes-and-peanut-based-snacks",India
8901058903966,Milkybar Moosha,Nestlé,38g,Milk chocolate bar with nougat,India
8901595863051,Pasta Masala,Smith & Jones,7g,Pasta masala,India
8904335601951,100% Rolled Oats,Yoga Bar,,Rolled oats,"India, Maldives"
8901512562807,Butter flavour popcorn,ACT 2,,Popcorn,India
8901262020244,Amul Cheese,Amul,200g,"Cheeses, Cheese block",India
8908004099025,Sunrich Aqua Packaged Drinking water,Sunrich Aqua,1 Litre,Drinking water,India
8906029450548,Mixed Fruit Jam,Meal Time,1 kg,"Jams, Food",India
6291100213160,Khenaizi Dates,"Date Crown, Khenaizi",500g,"Dried fruits, Dates","France, India"
8901248701105,jhandu balm,no,100 g,,India
8906004562518,,,,,India
8903241110076,Pravin Mango Pickle,Pravin,1 kg,Plant-based pickles,India
8908013982882,,,,,India
8901063325753,Britannia Toastea Premium Bake Rusk with Real Elaichi,Britannia,183gm,"Rusks, Toasts",India
8904071701090,Small Bhakarwadi,,170g,"Snacks, Bhakarwadi","India, Indonesia"
8906010500306,Ratlami Sev,Balaji Wafers,,Ratlami sev,"France, India"
8904004402421,Halke Fulke Salted Potato Chips,Haldiram's,15 g,Potato crisps,India
8906010500351,Aloo Sev,Balaji,200g,,India
0070970474088,Chewy spicy candies,"Hot Tamales, Hot Tamale",,Candies,"India, United States"
6291100212606,Date Crown Bumaan,Date Crown,500g,Dates,India
8904018605238,Chandan Regal Rose Mix,Chandan,180g,mouth freshener,India
8901063325920,Britannia Toastea Premium Bake Rusk with Real Elaichi,Britannia,1kg,Rusks,India
8906010500238,BALAJI Mung Dal,,,Snacks,"India, United Kingdom"
8901030902390,knorr sweet corn Veg,Knorr,9,Food doup,India
8906080602818,Paper boat pomegranate 600ml,paper boat,200,,India
8901719135163,Parle Monaco,Chupa Chups,,Appetizers,India
8901063325227,Toast Tea Rusk,Britannia,50,Snacks,India
8901262173483,Amul Fruit 'N' Nut Fantasy,Amul,540 gm,Ice cream in a box,"India, United States"
8906010500399,,,,,"India, United States"
4901265162914,,,,Biscuit (cookie) snack w chocolate filling,India
8906031251140,Chakote Milk Toast,Chakote,,Toasts,India
8903553601057,Mango Pickle,,,Plant-based pickles,India
8906027712235,Ghee,Govind,,"Butters, ghee",India
7622202324475,,,,,"India, United States"
8909081003776,,,,,India
8901764012303,Coca-Cola,Coke,1L,"Colas, Sweetened beverages",India
8886467122392,PRINGLES ( ORIGINAL ),"Pringles, Kellanova",107g,Stacked extruded potato crisps,India
8901888040350,Real fruit power mixed fruit 1ktr tpk,,1 L,Multifruit juices,India
8901063155459,Tiger Krunch ChocoChips,Britannia,63 g,Chocolate biscuits,India
8901030818660,Boost,Hindustan Unilever Limited,500g,Beverages,India
8908005144649,Muesli+ (Fruits + Nuts & Seeds),Yoga Bar,400g,"Mueslis, Protein Energy Bars",India
8901058004953,,,,,India
8901512540805,Popcorn,,15,"Popcorn, Papaver seeds",India
8901491101820,lays,Lay's,50gm 20rs,Potato crisps,"France, India"
8901192001207,,"Catch, Dharampal Satyapal Foods Limited",200 g,"Salts, Black salt","France, India"
8901764042508,Coke Brand Thumbs up 2ltr,coca cola,9,Sodas,India
7622201762063,Dairy milk chocolate,Cadbury,123g,Milk chocolate bar,India
8901262152211,Amul Kool Kesar Flavour 180ml,Amul,180ml,Fruit and milk beverages,India
8901063093355,Good Day Cashew Cookies Medium Pack 600g,Britannia,600 g,Biscuits,India
8906002004430,Veg mayonnaise,Dr. Oetker,100g,"Mayonnaises, Egg-free mayonnaises",India
8904004400755,Aloo Bhujia sev,Haldiram,,Snacks,"France, India"
8901058005639,,Nestlé,,food,India
8901262200028,Dahi,Amul,200 g,Yogurts,India
8908010900063,Peanut Butter All Natural Creamy Unsweetened,Pintola,1 kg,"Nut butters, Pure peanut butters, Creamy peanut butters","India, Nepal"
8901542017667,Glucose orange flavour,Zydus wellness,,Food,India
8901246003492,Del monte,Del Monte,,,India
8901030532719,kissan fresh Tamato,Kissan,500 g,Tomato Ketchup,India
8901499008800,Kellogg's chochos,Kellogg's,24g,Breakfast cereals,India
8901207026553,Honey,Dabur,225g,"Honeys, Honey and royal jelly mixtures",India
7622202245558,Cadbury Dairy Milk,Cadbury,,"Confectioneries, Chocolates","France, India"
8850389100684,Mogu lychee,Sappe Public Company Limited,320 ml,"Fruit juices from concentrate, Lychees, Still fruit soft drink with sugar and with 10-50% of fruit juice, Sweetened beverages","Australia, France, India, Mexico, Morocco, New Zealand, Philippines, United States"
8901262070454,Amul Dark Chocolate,Amul,40g,"Chocolate candies, Dark chocolates","India, United States"
8901058003079,Maggi cheesy Tomato,Maggi,68.5,"Pastas, Instant pasta",India
8901764012907,8901764012907,Coca-Cola,,Beverages,India
8901786060504,Chaat Masala,Everest,50 g,"Spices, Groceries",India
8901063017702,50 50 Gol Maal,Britannia,,"Confectioneries, Biscuits, Bars",India
8902710500752,Nutty Fruity Muesli,Baggry’s,,"Mueslis, Breakfast cereals diet with dried fruits fortified with vitamins and chemical elements",India
8902579003302,Smoodh Lassi,Smoodh,180ml,"Dairy drinks, Fermented dairy desserts",India
8901088155496,Saffola oats,Saffola,500g,Rolled oats,India
8901088034593,SAFOLA ACTIVE - MULTI-SOURCE EDIBLE OIL,Saffola,1l,"Rice bran oils, Soybean oils",India
8996001312490,Mayora Malkist Chocolate Flavored Sandwich Cracker Biscuits,Mayora,,Chocolate biscuits,India
00001233,Coop Croissant Naturell 60g,GOMAN AS,,"Croissants, Protein powders","India, world"
00001569,Personalized Protein Powder,Herbalife,,Protein powders,"India, Ireland"
8904004402032,All In One,Haldiram's,400gm,Snacks,India
8901063162600,Marie Gold,Britannia,117g,Biscuits,India
8904071707061,,,,,India
8901719130243,Moong Dal,Parle,16g,"Snacks, Mung beans",India
8901030976735,Korean Ramen,Knorr,96 g,"Instant noodles, Korean Ramen, Ramen",India
8901314717429,Papadopoulos caprice,Papadopoulos,,"Confectioneries, Stuffed wafers",India
8906019776092,Arabian Premium Dates,Nutraj,500g,"Dried fruits, Dates",India
8901595862658,Ginger Garlic Paste 5 MRP,Smith & Jones,,Ginger Garlic Paste,India
8906010502508,Crunchem Peri Peri Flavour,Balaji,35g,Potato Wafers,India
4987176230775,Hear shoulder,,,,India
8906016413792,Badam Flavoured Milk,Godrej Jersey,185 ml,Flavoured milks,India
8901063139350,BRITANNIA bourbon 500g,Britannia,5 x 100 g,,India
8901262175845,Icecream,Amul,,Ice creams,India
12111202,Minis Mix Eggs,Cadbury,,,"India, Morocco, United Kingdom"
8902433005763,70%coCÓA,Galaxy,,Dark chocolates,India
8901058905090,naturo,,undefined,,India
8901719135521,PARLE MARIE,Parle,,Biscuits,India
8901262040518,Food,Ferreo,500 g,Resturant,India
8901725005955,sunfeast yippe,Sunfeast,420,,India
8000500165607,,Tic Tac,13 g,,"India, United States"
8904132976238,,,,,"India, United Kingdom"
8901725016838,Aashirvaad Superior MP Atta,"Aashirvaad, ITC",1kg,"Wheats, Whole wheat flours",India
8906169490848,Mazafati Dates,,400g,Mazafati dates,India
8906009532363,MAX protein bar,Ritebite,50g,"Bars, Protein bars, Choco berry bar","India, United States"
8906080601767,Swing Lush Lychee,Paper boat,140ml,Beverages,India
8901719129933,,,,Biscuits,India
7622202307171,shots,Cadbury,3.15,"Chocolate candies, Chocolates","India, United States"
8901058007268,,,,Spices,India
8904132972209,,,,Biscuits,India
8906010500566,Balaji Wafers Tikha Mitha Mix,Balaji Wafers,500g,"Salty snacks, Indian snacks",India
8901764362750,,,,Beverages,India
8906010503543,Balaji Crunchem Chaat Chaska,Balaji,,Crisps,India
8908010900162,Peanut Butter,Pintola,,"Peanut butters, Nut butters",India
8901063139374,BOURBON,Britannia,60g,Chocolate biscuits,India
8906007280969,Fortune Premium Kachi Ghani Pure Mustard Oil,"AWL Agri Business Limited, Adani Wilmar Limited, Fortune",1 L,"Mustards, Mustard oils",India
8901088055772,Oats,Saffola,1kg,"Rolled oats, Oat",India
8886467122415,Pringles Pizza Flavour Potato Crisps,Pringles,102g,Stacked extruded potato crisps,India
8901764022272,Fanta Orange Flv 750ml,The Coca-cola company,24,"Sodas, Sweetened beverages, Fanta",India
8902080404117,slice,PEPSICO INDIA HOLDINGS PVT LTD.,1.2kg,cold drinks,India
8906069402668,Veeba,Veeba,1,Pasta sauces,India
8902579107017,Frooti,,2 l,Fruit juices,India
8908005144359,Breakfast protein bar,Yoga Bar,45g,"Cereal bars, Protein Energy Bars",India
8901542016226,Glucon-D Regular,Glucon-D,125 g,"Energy drinks, Glucose",India
8901499008244,Chocos Moons & Stars,Kellogg's,28.6g,Breakfast cereals,India
8901262071048,Amul Sugar free chocolate,Amul,150g,"Chocolate candies, Chocolates, Sugar free chocolate",India
8901786070503,Pav bhaji masala,Everest,50g,Masalas,India
8904004400014,Bhujia Sev,Haldirams,17g,"Snacks, Spices","India, United States"
8901207900631,Chyawanprash,Dabur,575g,"Dietary supplements, Citric acids, Immunity-booster",India
8906066202476,Keya Piri Piri,Keyafood,,"Spices, Spicy","France, India"
8901764041259,Thums Up 300ml can,Coca Cola,1,"Colas, Sweetened beverages","Canada, India, United Kingdom"
8901764012709,,Coca-Cola,,,India
8904063230010,Haldiram Bhujia400g,"Haldiram, Haldiram's",400g,Indian savoury snack,India
80135890,Kinder joy boy,Ferrero,20 g,"Chocolate candies, Easter eggs, Hollow chocolate eggs","France, India"
8901030980046,,,,,India
8906002006236,Dr. Oetker Peanut Butter,Dr. Oetker,400g,"Nut butters, Crunchy peanut butters",India
8901725100025,B Natural Mixed fruit 1ltr tpk,ITC Limied,12,Fruit juices,India
8904004402056,All in one,Haldiram's,200 g,,"France, India"
8901071732413,Milk shake chocolate flavour 180ml,Hershey's,180 ml,"Milks, Milkshakes",India
8906009803784,Dukes Waffy straberry,DUKES,250g,Biscuits,India
8906006720329,Kashmir Honey,Lion,250 g,Liquid honeys,India
8906120100137,Chia seeds,Farmley,200g,"Cereal grains, Chia",India
8906105470095,kimia dates,kimia,400g,Dates,India
8901491000192,Doritod cheese flavor,20rs,50gm,Crisps,"India, Qatar"
8901491003162,8901491003162,chips,,Light potato crisps,India
8901786140503,Everest sahi biryani Masala,EVEREST,50g,ru:Приправа,"France, India"
8908005077084,Honey Bell vanilla cake,,,Cakes,India
8903363001993,,,,,India
8901491990219,Doritos,Doritos,10rs,Corn chips,India
8902579002053,Appy fizz,Parle Agro,,Apple soft drinks,India
8906069401746,Eggless Mayonnaise Chef's Special,Veeba Favourites,100g,"Mayonnaises, Eggless Mayonnaise",India
8902579002046,Appy fizz,Parle Agro,600ml,Apple soft drinks,India
8901262173599,Amul Rajbhog,Amul,1L/540 g,Ice cream tubs,India
8901030779640,Lipton GREEN TEA LEMON ZEST,Lipton,25 × 1.3g,Green teas,India
8901088129824,Classic masala,Saffola,500,,India
8906019633029,1 to 3 noodles chatpat masala,1 to 3 noodles,50g,Instant noodles,"India, United Kingdom"
8902979001724,Cavins Masala Chaasa 180 ml,Cavin's,180ml,"Dairy drinks, Buttermilks",India
8908020415014,Ziggy DONUT CAKE,Ziggy,,Doughnuts,India
8906010501259,Masala sev murmura,Balaji Wafers,48g,"Appetizers, Namkeen",India
8904004400977,Indian Snacks Mixture,Haldiram's,400 g,"Plant-based foods, fried snacks",India
8904335601890,Yoga bar High Protein Muesli+,Yoga bar,850g,"Mueslis, Dietary supplements, Oat",India
8901030735103,,,,Ice creams,India
8901491003537,Cheetos Masala Balls,Cheetos,,Crisps,India
8903553601460,Mango Pickle,Ram Bandhu,350g,Pickled mangoes,"Germany, India"
8901155101210,Gulab Jamun,Gits,200 g,Gulab jamun,"France, India"
8906007283113,,,,,India
8908006989508,Peanut butter chikki,Nutritius,26 gm,"Protein Energy Bars, Health-food, Protein",India
8901063029316,brittania Jimjam pops,Britannia,350g,Biscuits,India
8903553601491,Ram Bandhu Mango pickle,Ram bandhu,500g,Plant-based pickles,India
8901262020558,Diced Cheese,Amul,,Cheeses,India
8904049111647,Triphala Churna (B.P.N),,,,"India, Turkey"
8904090906667,Schezwan,,,,India
8901088766937,,,,Mueslis,"India, United States"
7622202225598,OREO,Oreo,,Biscuits,India
8906029110022,Sliced Bread,Wibs,,White breads,India
8901725014988,sunfeast,Sunfeast,,"Biscuits, Food","India, United States"
3948764042805,,,,"Cold Drink, ThumsUp",India
8901262174107,,,,Ice creams,India
8902579107048,Bottled water,Parle,500 ml,Waters,India
8901719135569,Parle m,Parle,,Biscuits,India
8901207053634,Real Coconut water pet 1ltr,,,Waters,India
8906113490795,,,,,India
7622202325991,50% Dark Chocolate,Cadbury Bournville,75,Dark chocolates,India
7622202304309,Cadbury hot chocolate pwd 200g,,,"Cocoa powder for beverages with sugar, Instant chocolate powders",India
8901063365933,Britannia gobbles fruit cake 100gm,,,Confectioneries,India
8901058014235,Maggi,Neslé,,Instant noodles,India
8904109498800,,,,,India
8901719135170,parle monaco 700g,Parle,696 g (43.5g * 16 units),Biscuits,India
8901030953200,Kissan No onion no garlic Tomato Ketchup,Kissan,850 g,Ketchup,India
8908000703018,Oxycool,,,Waters,"India, United Kingdom"
8904132976368,campa energy drink,,,Energy drinks,India
8901030985966,,,,Harlicks,"India, United Kingdom"
7622202271861,Dairy Milk Silk Bubbly Chocolate,Cadbury,46g,Confectioneries,"India, United States"
89008492,Milkybar,Nestlé,10g,"Chocolates, Candy chocolate bars",India
8901088882583,Saffola Honey,Saffola,,Honeys,India
8902346050133,Enerzal Orange Flavour,FDC,200ml,Energy drinks,India
7622202324871,Gadour Dairy milk chocolate fruit & nut,Cadbury,,"Chocolate candies, Chocolates",India
8909081003394,WOWZERS,,,Biscuits,India
8901468119780,Pitambari Ruchiyana Jaggery Powder,"Pitambari, Ruchiyana",500g,Jaggery,India
8906006330269,Gemini,Cargill,870,Soybean oils,India
8901058018639,Milkybar,Nestlé,24.5gms,"Chocolates, Chocolate covered bars with milk and cereals",India
8901063142534,BRITANNIA nutri Choice,BRITANNIA,,Biscuits,India
3948764972058,,,,,India
8901262040044,Amul shrikhand badam pista,Amul,,Dairy desserts,India
7622202346385,Cadbury Dairy Milk,Cadbury,100g,Chocolates,India
8901719112744,,,,"Biscuits, Bis",India
8906004561818,RINGS,,,"Confectioneries, ABCDEF",India
8908010900056,Peanut butter,Pintola,350g,"Butters, Peanut butters",India
3948764012303,Coca cola 1ltr,,2 x 1 l,"Colas, Cold Drink",India
89006610,Orbit Chewing Gum,Wrigley's,22g,Sugar-free chewing gum,India
8901719124143,ParleG gold 75 g,Parle,,Biscuits,India
8901262060011,Cheese Spread,Amul,200 g,Cheese spreads,India
8901058000276,Maggi 2 Mins Noodles 30 MRP,Maggi,,Noodles,India
8901491001076,American Style Cream and onion chips,Lay's,73g,Potato crisps,India
8904083300021,Paneer,Milky Mist,200 g,Paneer,India
5000171010025,Wild Pacific Red Salmon,John West,210 g,Canned salmons,"Australia, France, India, Morocco, New Zealand, United Kingdom"
8901595862740,Red Chilli Sauce,Ching's,200 g,Hot sauces,India
8901207004421,Real fruits juss anar,Dabur,1 l,Fruit juices,India
8906032011019,Nutrela Soya chunks  220gm,Nutrela,220g,Plant-based foods,"India, United States"
8904083302100,Fruit Yogurt Blueberry,Milky Mist,100 g,Fruit yogurts,India
8901063155442,Tiger Krunch ChocoChips,Britannia,31.5g,Chocolate biscuits,India
8901491103282,Cheetos,PepisCo India,32 grams,Corn chips,India
7622202026423,Cadbury Bournvita 500g pet,,500 grm,Mis,India
8902080104024,Pepsi cola,Pepsico,1 8902080104024,"Colas, Sweetened beverages",India
09141209,Bourn Vita 500Gram Pauch,Cadbury,,Instant chocolate powders,"Bulgaria, India, Morocco, Romania, United Kingdom, United States"
8902080000722,Slice,Pepsico,125 ml,Ready to serve fruit beverage,India
8901063142114,Britannia Nutri Choice Oats,Britannia,75 g,Biscuits,India
8906006720107,Qyno Dates,Lion,250 g,"Dried fruits, Dates",India
8901014000159,nissin,Nissin,80,"Crisps, Instant noodles",India
8901063142428,Nutri choice Digestive,Britania,,Biscuits,India
8902080704057,Lehar Soda 750ml pet,Pepsico,750ml,"Sodas, Carbonated waters",India
8908008674785,Wafer richeese,Nabati,,Biscuits,India
8901030783241,Lipton Green Tea honey lemon,"Lipton, Unilever",,Green teas,India
8901088069120,Saffola Honey Active,Saffola,1kg,Honeys,India
8906006720114,Qyno Dates,Lion,,Dates,India
8904272600895,Storia Pomegranate 750ml,storia,1,Fruit-based beverages,India
8901565001728,Piknik Classic Tomato Chilli (fried Indian snack),Piknik,70g,Potato crisps,India
8901888000347,Cranberry Juice By Real,Real,1 litters,Fruit juices,"India, Nepal"
3948764042508,,,,,India
00004114,,,,Dietary supplements,India
8906080601934,Swing Juicier Drink Yummy Guava,Paper boat,125 ml,"Fruit juices, Guava Juices",India
8901725117504,No Rulz Curlz masala,Bingo,,"Crackers (Appetizers), Puffed salty snacks made from maize",India
8901499009661,Kellogg's corn flakes original,Kellogg's,65g,Corn flakes,India
8904132948198,Campa Lemon,"Campa Cola, Reliance Industries",500ml,Lemon soft drinks,India
8906011145049,B protein,british biologicals,500g,Bodybuilding supplements,India
8901499009043,kelloggs chocos multigrain,Kellogg's,1.20kg,Breakfast cereals filled with chocolate,India
8908012605010,Tomato Ketchup,Heinz,450 g,Tomato Ketchup,India
8904335602385,Yoga Bar Protein Bar,Yoga Bar,50g,Protein Energy Bars,India
3948764362309,Minute maid pulpy orenge,Drink,1l,Orange juices,India
8904132948174,Campa (cola) 500ml pet,,500ml,Colas,India
8904043554716,Crem Treat Vanilla Crem bun,"Bimbo, Modern",,Bread rolls,India
8901491001069,India’s Magic Masala 30,Lay's,67g,Crisps,"India, United States"
3948725118938,,,,,India
8907316003966,Ginger garlic paste,,,,India
8901058905113,Kit kat,Nestlé,57 g (2 UNITS x 28.5 g),Chocolate snacks,India
8901030976742,Knorr,Knorr,110,Ramen,India
8901725004682,farmlite oats & chocolate Cookies,"ITC, Sunfeast",150 g,Chocolate biscuits,India
8901063142213,Britannia nutri choice 75g,Britannia,,Biscuits,India
8904320015398,Peanut butter Creamy,Disano,924g,"Nut butters, Creamy peanut butters",India
8901262173506,Amul Ice Cream,Amul,,Ice creams,India
8000500411018,Tic Tac Orange,Tic Tac,13 g,Candies,India
8901262151306,Kool cafe,Amul,,Coffees,"India, United States"
8901393024197,Happy dent white,,,Sugar-free chewing gum,"India, Singapore"
8904004400922,Haldiram's mixture,Haldiram's,22g,,India
8906036300027,peanut chikki,karia's,100 g,"Chikki, Brittle, Peanut-brittle",India
80768258,健達奇趣蛋(女孩版),"Ferrero, Kinder",20g,Chocolate candies,"China, India, Morocco"
8901117249998,Prolyte ORS Apple Flavour,Prolyte,200ml,Dietary drink for sport,India
8906090572132,Munchy masala,,,,India
8906080603914,Swing pomegranate,Paper boat,250ml,,India
8901786080502,Everest Sambhar Masala,Everest,50 g,"Spices, Groceries",India
8901030944376,Hazelnut Choco Peanut spread,Kissan,,Chocolate spreads,India
8901764092282,Maaza,Coca-Cola,,Sweetened beverages,India
8904004409222,Instant Bhel,Haldiram's,44 g,Puffed rice blend,India
8901262030243,Amul gee,Amul,1L,Butters,"India, United States"
8904089920490,Heritage Total Curd,heritage,,Curd,India
8901063016934,BRITANNIA 5050,BRITANNIA,69.2g,Biscuits,India
8901499010728,Kellogg's chocos,Kellogg's,385,Breakfast cereals,India
8904004409260,Potato Lite,Haldiram's,,Snacks,India
8901063325036,Britannia toastea 250gm,Britannia,250g,"Rusks, Toaste",India
8904327600887,Peanut butter,MyFitness,,Peanut butters,India
8901719117213,Parle HIDEGSEEK,Parle,100g,Biscuits,India
8906009501017,Full cream milk,Chitale,500ml,Milks,India
8909081001185,Bounce Orange Cream Biscuit,Sunfeast,62g,Biscuits,India
8903553601439,Ram Bandhu Mango pickle,Ram bandhu,200g,Plant-based pickles,India
8906136651951,Pintola High Protein Oats Dark Chocolate,Pintola,400g,"Breakfast cereals, Bodybuilding supplements",India
8906017290071,Bisleri 5L,,,,India
8901063012752,BRITANNIA MiIk Biscuits,,,Biscuits,India
8901063014268,,Britannia,,Biscuit (cookie) vitamins content guaranteed,India
7622202272608,chocolate,,,"Chocolates, Dairy milk",India
8901088069106,Saffola Honey Sundarbans,Saffola,,Honeys,India
8901192215864,Catch peri peri,,100 grams,,India
7622202252396,OREO 30/-,Oreo,,Filled biscuits,India
8901499009708,Kellogg's Choco fills,Kellogg's,153,"Breakfast cereals, Chocolates",India
8906067021502,,,,Creatine,India
8901662003618,,,,,India
8901719135743,Parle G gold,Parle,,Biscuits,India
8903241110793,Pravin,Suhana,200g,Mango pickle,"India, United Kingdom"
8906004560101,,,,,India
8906090574556,Too Yumm! Namkeen - All In One,Too Yumm,400 g,Snacks,India
3948725016258,,,,Biscuit (cookie) snack w chocolate filling,"India, United Kingdom"
8901063014237,,,,,India
8901030986321,,,,Nutritional yeast,India
8901719126307,,,,,India
8903363012043,,,,,"India, United States"
8901063014145,Vita Marie Gold,Britannia Industries Ltd,150 g,Biscuits,"India, United States"
8906004561917,,,,,"India, United States"
8904004407471,,,,,India
8901719130854,Melody Chocolate,Parle,,Chocolate candies,"Canada, India"
8904004403633,tasty nuts,Haldiram's,200 g,Coated peanuts,"India, United Kingdom"
8901058022445,,,,Chocolate candies,"India, United States"
8906004561900,Wheels Chatpata Masala Flavour,Yellow Diamond,20g,Chips and fries,India
7622202325939,Cadbury Bournville,Cadbury,78,Candy chocolate bars,India
8901262176705,,,,,"India, United Kingdom"
8902967215539,Royal Challenge Whisky,Royal Challenge,180ml,Whisky,India
8903363008275,Roasted Yellow Chana,Dmart Premia,200 grams,"Pulses, Roasted chana",India
8908006734054,,,,Keshar,"India, United Kingdom"
8901725007096,Potato Chips Salted,"Bingo, ITC",21.4g,Potato crisps,"India, Qatar"
8908000452107,,,,,"India, United Kingdom"
19017648,The Coca Cola Company,Thumbs Up,2.25Litres,"Artificially sweetened beverages, Colas, Sweetened beverages",India
1234567890128,Chocolat en poudre,Munch,2pcs,"Beverages, Breakfasts, Instant chocolate powders","France, Germany, India, Morocco, Spain, United States"
8902080104345,Pepsi Brand Drink 2.25 l,Pepsico,54,Beverages,India
8901058895780,Hot & sweet tomato chili sauce,Maggi,500 g,Sauces,"India, United States"
8901063029262,Jim jam92 g,Britannia,,Biscuit (cookie) snack w chocolate filling,India
8901207037795,activ 100% Coconut water,Real,1 l,"Waters, Coconut waters",India
8906020580015,Idly & Dosa Batter,iD,1kg,Dosa batter,India
8901491363020,Chilli Chatka,10,10rs,"Crisps, Corn flakes",India
8902579001605,Frooti mango drink,,1,"Fruit juices, Juices, Mango Juice",India
8901499008183,Corn Flakes Original,Kellogg's,250 g,Corn flakes,"India, Switzerland"
8901262070539,FRUIT N' NUT Dark Chocolate,Amul,150g,"Confectioneries, Dark chocolate bar with dried fruits, Composite chocolate",India
8901491001038,Lays Spanish Tomato Tango,Lay's,80g,Potato crisps,India
8906105470002,,,,,India
8904258700540,alphonso mango juice,Raw Pressery,1 liter,"Fruit juices, Mango juice",India
8901764052309,Limca,Coca Cola,1L,Sodas,India
8906009079813,Choco Chip Cookies,Unibic,600g,Chocolate biscuits,India
8906005505040,Soya sticks,Bikaji,200,Crisps,"Belgium, India"
8901808000068,WeiKFiELD,Weikfield,100,"Dessert mixes, Custards and pastry creams, Desse","Canada, India"
8906080601774,Swing Juicier Drink,Paper Boat,125ml,"Beverages, Mango pulp, Mango syrups",India
8901262152242,Amul Kool Badam Flv 180ml,amul,Amul,Beverages,"India, State of Palestine"
8901030902376,Mixed Vegetable Soup,Knorr,9.5g,Soups,India
8901262151368,Moti,Amul,,Cow milks,India
8901262153348,Protein Lassi - Rose Flavour,Amul,200mL,"Yogurt drinks, Yogurts high in protein on a fruit layer",India
8901725005887,Yippee Noodles,Sunfeast,70g,Instant noodles,India
8906032018926,Soya Chunks,Nutrela,100g,"Balls from soy and or wheat proteins, Textured soy protein",India
0793591862453,Kerala Banana Chips,Byond Snack,75gram,Banana crisps,India
8906163830640,Farmley Makha Shaka Masala Stix,Farmley,33g,"Snacks, Fox nuts",India
8904063200051,BHUJIA,Haldiram's,200g,"Snacks, Fried foods, Flour fried","France, India, United Kingdom"
8906006720343,Lion honey,Lion,,Honeys,"France, India"
8901088129800,Masala Oats,Saffola,500 g,Oat,India
0073935942400,"Manner - Chocolate Cream Filled Wafers, 2.5oz (72g)",Manner,2,Wafers,India
8901014000371,Geki Hot & Spicy Korean Cheese,Nissin,80 g,Instant noodles,India
8901725100131,B Natural Orange Juice 1ltr tpk,"B Natural, ITC",12,Orange juices with pulp,India
8901088043953,parachute oil,,1l,Coconut oils,India
8906009070636,Fruit & Nut Cookies,Unibic,500g,Biscuits,India
8901499009623,Chocos Fills,Kellogg's,250 g,"Breakfast cereals filled with chocolate, Unfortified diet chocolate breakfast cereals",India
8908005144076,Multigrain Energy Bar,Yoga Bar,38 g,"Energy bars, Protein bars",India
8904043551579,multgrain bread,modern,400g,Breads,India
8906010500344,Aloo Sev,Balaji,48g,Food,India
3948764012907,Coco cola,,,,India
8901595971220,Manchow instant soup,Ching's,12,Dehydrated soups,India
8901499008275,CHOCOS,Kellogg's,10,Chocoe,India
8901058903959,milkmaid 100+ recipes,Nestlé,380 g,"Condensed milks, Sweetened condensed milk",India
8906032019671,Nariyal Biscuits,Patanjali,75gm Rs 10,Biscuit with milk,India
8906007280693,Rice Bran Oil,Fortune,1L,Rice bran oils,India
8901972060189,Dukes bourbon,,,,India
89000816,Happydent,Happydent,1,Chewing gum,India
8901058008999,2-Minutes Noodles,Nescafé,,Instant noodles,India
8906001387114,Multi Grain High Fibre Bread,English Oven,400g,Multigrain sliced breads,India
8902080002375,,,,"Artificially sweetened beverages, Energy drinks",India
8901063012660,Milk Bikis,Britannia,500 g,Biscuits,India
8901030779312,Lipton Green Tea,"Pepsico, Unilever, lipton",25N,"Green teas, Flavored teas",India
8906006330030,,,,Oil,India
8904004420111,Soya Sticks,Haldiram's,400g,"Appetizers, Fried Soy Sticks, Fried snacks",India
8906069401388,peanut butter,veeba,,"Peanut butters, Nut butters","India, Sri Lanka"
8906080349652,"Murmura, Kurmura",Vijay,500g,"Rices, Puffed rice, Vegetables from Spain, Roasted-rice",India
8901725013004,Marie light family pack,"ITC, Sunfeast",924g,Biscuits,India
8901491003124,West Indies' Hot 'n' Sweet Chilli,Lay's,90 g,Potato crisps,India
7622202030819,Cranberry,Cadbury Bournville,80 g,"Dark chocolates, Chocolates with cranberry",India
7622202025426,Dairy milk,Cadbury,134g,Milk chocolate bar,India
8901491001816,West indies hot n sweet chilli lays,Lay's,,Crisps,India
8901058008050,Maggi,Maggi,,Instant noodles,"India, United States"
8901396350101,dettol,"Dettol, RECKITT",25ml,Non food products,India
8901063341500,White bread,Britannia,,Breads,India
8901088102872,Parachute Coconut Oil,Parachute,600ml,Coconut oils,India
8901088017381,Saffola Gold 1 Ltr pouch,Saffola,,,India
8904004416619,Haldiram Matka Jhatka,Haldiram's,100,Beverages,India
8906080603303,Swing,Paper Boat,1.2 L,Juices and nectars,India
8901393016680,Chupa chups bites,Chupa Chups,,Candies,"Belgium, India"
8908010900247,peanut butter,pintola,510 g,"Peanut butters, Nut butters",India
8904103307580,,,,,India
6291100213467,椰枣,,,,"India, United Arab Emirates"
8901063325760,Premium Bake Rusk,"Britannia, Toastea",,Rusks,India
89007426,100% Pure coconut oil,Parachute,25 ml (22.8 g),Coconut oils,India
8901030904554,Bru coffee 25g,,,"Coffees, Aromatised instant coffees",India
8901262260947,Buffalo Milk A2,Amul,500ml,Milks,India
8901719124365,,,,Biscuits,India
0811307031716,peanuts,GD NUTS,,Peanut grilled salted,India
8901012100882,,,,,India
8901786160501,EVEREST Chicken Masala,Everest,50gm,Spices,India
0992880034469,,,,Energy drinks,"India, Romania"
8904335602408,Coffe Rush 10g Protein Bar,Yoga Bar,,"Bars, Protein bars",India
