name,brand,pack_value,pack_unit,is_multipack,variant,unit_price,parse_status
Soulflower Detan Bright Tomato Soap,Soulflower,,,False,,,no_pack
Sprite Pet Bottle & 4700Bc Hawaiian Barbeque Cheese Popcorn Pouch Combo,4700Bc,,,False,,,no_pack
Happy Tyohaar Red Puja Cloth-1.25 mtr,Happy,,,False,,,no_pack
Huber & Holly Mango Duet Candies,Huber,,,False,mango,,no_pack
Godrej Zap Stain Remover Liquid Refill Pouch,Godrej,,,False,,,no_pack
Wonderchef Alfa Pressure Cooker (Aluminium),Wonderchef,,,False,mini,,no_pack
"Godrej Aer Power Pocket Bathroom and Toilet Air Freshener (Lemon Tangy Delight) & Godrej Aer O Hanging Car Air Freshener, Car Accessories Co",Godrej,,,False,lemon,,no_pack
"DRAWGUUD Ruled Notebook (A5, 70 GSM, 120 Pages)",DRAWGUUD,120.0,count,False,,,ok
"Leafy Tales Emerald Plastic Plant Pot (Beige, 18"")",Leafy,,,False,,,no_pack
Wow! Momo Veg Darjeeling Momos,Wow!,,,False,,,no_pack
Khetika Peanut Chutney,Khetika,,,False,,,no_pack
dr GOOD EGGS Omega-3,,,,False,,,no_pack
Ching's Secret Hot Garlic Instant Noodles,Chings,,,False,instant,,no_pack
Kuber Industries Silicone Bottle Cleaning Brush with Long Handle (Grey),Kuber,,,False,,,no_pack
"boAt Nirvana Ivy TWS Earbuds w/ Mic, 50H Playtime, 50 dB ANC, IPX5, v5.3 (Gunmetal Black)",boAt,,,False,,,no_pack
Paseo Facial Tissue,Paseo,,,False,,,no_pack
Cadbury Dairy Milk Chocolate Home Treats,Cadbury,,,False,chocolate,,no_pack
Aashirvaad High Fibre Atta with Multigrains,Aashirvaad,,,False,,,no_pack
The Flora 3 Purple Carnations Bouquet,,,,False,,,no_pack
Lo Foods Gluten-Free Ragi Cookies (Elaichi),Lo,,,False,,,no_pack
Satyam Jeera,Satyam,,,False,,,no_pack
Hot Milk,Hot,,,False,,,no_pack
Tata Sampann Organic Unpolished Moong Dal,Tata,,,False,organic,,no_pack
Khushiyon Ki Sougat Black Pepper Whole,Khushiyon,,,False,whole,,no_pack
Kinder Bueno Crispy Creamy Bar (Pack of 2 ) 43g,Kinder,43.0,g,False,creamy,,ok
Prasuma Original Chicken Momos & Coca-Cola Can Combo,Prasuma,,,False,original,,no_pack
Tagz Popped Potato Chips Cream & Onion Divin',Tagz,,,False,,,no_pack
BestValue Moong Dal,BestValue,,,False,,,no_pack
Daawat Rozana-Super Basmati Rice (Medium Grain),Daawat,,,False,,,no_pack
VS Mani &amp; Co. Peanut Chikki,VS,,,False,,,no_pack
Satyam Kraft Artificial Rose Flower Bouquet,Satyam,,,False,,,no_pack
"L'Or茅al Paris Make-Up Remover, For Lips, Eyes And Face, Removes Waterproof Makeup",LOr茅al,,,False,pro,,no_pack
Portronics Clamp M2 Car Mobile Holder - Strong Suction Cup,Portronics,,,False,,,no_pack
Britannia Treat Croissant Cocoa Creme and Nutella - Hazelnut Spread With Cocoa Combo,Britannia,,,False,,,no_pack
Milky Mist Greek Yogurt Cerals,Milky Mist,,,False,,,no_pack
Disano Elbow Pasta 100% Durum Wheat,Disano,,,False,,,no_pack
Cetaphil Baby Mild Bar Soap,Cetaphil,,,False,,,no_pack
"HAMMER 10000mAh MagSafe Power Bank, 15W Wireless Charging (MagSafe & Qi), 22.5W PD/PPS Fast Wired Charging, LED Display, iPhone 12 & Above, ",HAMMER,,,False,,,no_pack
The Baker&#39;s Dozen Banana Walnut Cake - 100% Whole Wheat No Maida,,,,False,whole,,no_pack
Dobra Cotton Candy - Strawberry Blast,Dobra,,,False,strawberry,,no_pack
Mother Dairy Dietz No Added Sugar Vanilla Ice Cream Tub,Mother Dairy,,,False,vanilla diet,,no_pack
Ultra D3 Natural Pineapple Flavour 400iu Vitamin D3 for Infants Vitamin Drops Bottle of 15 ml,Ultra,15.0,ml,False,natural,,ok
Little Joys Tomato Sauce,Little,,,False,,,no_pack
Jacob's Creek Unvined Riesling Non-Alcoholic White Wine,Jacobs,,,False,,,no_pack
Sanfe Flix Reusable Silicone Adhesive Nipple Pasties,Sanfe,,,False,,,no_pack
Gramiyaa Virgin Coconut Oil - Virgin Cold Pressed,Gramiyaa,,,False,,,no_pack
NOICE Golden Sweet Bun (Freshly made),NOICE,,,False,,,no_pack
"Protein Chef High Protein Pav Bun (Zero Maida, Multigrain)",Protein,,,False,zero pro,,no_pack
"Godrej Protekt Magic Powder-to-Liquid Handwash, Combi Pack - Neem & Aloe Vera",Godrej,,,False,pro,,no_pack
Uncle John Choco Luxe Ice Cream Stick,Uncle,,,False,,,no_pack
"The Baker&#39;s Dozen Malabar Parota Zero Palm Oil, Zero Preservative",,,,False,zero,,no_pack
"Horlicks PRO Fitness Chocolate , Meal Replacement for Weight Loss",Horlicks,,,False,chocolate pro,,no_pack
Scotch Brite Plastic Kitchen Wiper (Grey),Scotch,,,False,,,no_pack
Bingo XXX Chilli Cheese,Bingo,,,False,,,no_pack
"Redmi Pad Pro 5G Tablet (8 GB, 256 GB, Graphite Gray, 12.1"")",Redmi,5.0,g,False,pro,,ok
Bru Instant Coffee Jar,Bru,,,False,instant,,no_pack
Lakme Blush & Glow Strawberry Sheet Mask,Lakme,,,False,strawberry,,no_pack
True Elements Raw Chia Seeds 250g Buy 1 get 1 free,True,250.0,g,False,,,ok
organic tattva Organic Cinnamon Powder,organic tattva,,,False,organic,,no_pack
Gold Flake King's Blue (Lights),Gold,,,False,,,no_pack
Yogabar Fruit And Nut Muesli & Amul Taaza Fresh Toned Milk,Amul,,,False,toned,,no_pack
Daily Good Frozen Green Peas,Daily,,,False,,,no_pack
Fresh Brew Co. Javas Intensity Coffee Capsules,,,,False,,,no_pack
Engage Moments Unisex Perfume Gift Set |Couple EDPs | Femme + Homme| Long Lasting,Engage,,,False,,,no_pack
Vaseline X Emily in Paris Tinted Lip Balm (Parisian Pink),Vaseline,,,False,,,no_pack
"boAt Bassheads 90C Pro Wired Earphones With In Line Mic, Type C, 40mm driver(Black)",boAt,,,False,pro,,no_pack
Nu Republic Blaze Flash 20W 1.25m USB A to Lightning Cable,Nu,,,False,,,no_pack
Meat Window Mutton Rib Chops,Meat,,,False,,,no_pack
LoveChild Masaba 4-in-1 Blurring Serum Skin Tint (Gossip Girlfriend),LoveChild,,,False,,,no_pack
Lakme Forever Matte Compact (Natural Beige),Lakme,,,False,natural,,no_pack
Meister Wurst Pork Smoked Ham,Meister,,,False,,,no_pack
Paper Boat Swing Tender Coconut Water Drink &amp; Paper Boat Swing Zesty Pomegranate Juice Enriched With Vitamin D No Gmos,Paper Boat,,,False,,,no_pack
Kwality Fruit & Nut Muesli,Kwality,,,False,,,no_pack
Surili Jaljeera Shots Mouth Freshener with Tangy Taste Tin jar,Surili,,,False,,,no_pack
Streax Insta Shampoo Hair Colour For Women And Men- Dark Brown |100% Grey Coverage,Streax,,,False,,,no_pack
Milky Mist Cheese Slices & Milky Mist Cooking Unsalted Butter,Milky Mist,,,False,unsalted butter salted,,no_pack
Portronics Power Plate USB Extension Board (1.5 m - 4 Sockets and 1 USB Port),Portronics,,,False,,,no_pack
Godiva Caramel Lion of Belgium Milk Chocolate Bar,Godiva,,,False,chocolate,,no_pack
Nestle NAN PRO Stage 3 Follow-Up Formula (12-18M),Nestle,,,False,pro,,no_pack
Lay&#39;s Hot &#39;N&#39; Sweet Chilli Potato Chips 80g &amp; Lay&#39;s American Style Cream &amp; Onion Chips 80 g &amp; Lays Potato Chips ,Lays,80.0,g,False,,,ok
Solara Belmont Ceramic Fry Pan (Aluminium),Solara,,,False,mini,,no_pack
Dot & Key Tinted Sunscreen 02 Warm Ivory (SPF 50+ PA++++),Dot & Key,,,False,,,no_pack
Haldiram&#39;s Mini Samosa,Haldiram,,,False,mini,,no_pack
Tai Hua Stir Fry Sauce,Tai,,,False,,,no_pack
Gubb Blue 4 Way Pedicure Set for Dead Skin Removal,Gubb,,,False,,,no_pack
Super Slim White Rolling Paper - Stash Pro,,,,False,pro,,no_pack
Real Cheers Ginger Ale - Cocktail Mixer and Real Cheers Green Apple Mojito - Cocktail Mixer,Real,,,False,,,no_pack
Ricola Cranbery,Ricola,,,False,,,no_pack
"DesiDiya Universe Crystal Ball Night Light LED Lamp (2 inch with Wooden Base For Living Room, Bedroom Decoration)",DesiDiya,,,False,,,no_pack
"Decathlon Domyos Men Half-Sleeve Fitness T-Shirt (Black, XL)",Decathlon,,,False,,,no_pack
BBLUNT Intense Moisture Shampoo with Jojoba and Vitamin E,BBLUNT,,,False,,,no_pack
Minus Thirty Ice Cream Mini Malai Kulfi,Minus,,,False,mini,,no_pack
Portronics My Budyy K Laptop Stand (Grey),Portronics,,,False,,,no_pack
Plush Daily Panty Liner 100% Cotton | Non Period Days | 20 Pcs,Plush,20.0,count,False,,,ok
Silver Coin Besan,Silver,,,False,,,no_pack
Duracell AA 4 Alkaline Battery,Duracell,,,False,,,no_pack
Amul Gold Butterscotch Ice Cream Tub,Amul,,,False,butter,,no_pack
Nitya Kerla Samai,Nitya,,,False,,,no_pack
For LG Smart TV Magic Remote (Non Voice) (Black),For,,,False,,,no_pack
Lactima Edam Cheese Slices,Lactima,,,False,,,no_pack
"Zamia Cow Dung Manure (1kg, Natural Compost for Plant and Soil Health)1pack and Zamia Epsom Salt (1kg, Magnesium for Plant Growth)1pack",Zamia,1000.0,g,False,natural,,ok
"M-Seal Ezy Seal Sealant (Fill and Seal Gaps, Cracks &amp; Holes)",M-Seal,,,False,,,no_pack
NOICE High Protein Eggs (Nut &amp; Bean Feed),NOICE,,,False,pro,,no_pack
Baskin Robbins Ice Cream Rocks Mississippi Mud Pack,Baskin,,,False,,,no_pack
Tuco Kids Dull Skin Kids Soap,Tuco,,,False,,,no_pack
"Clear Premium Drinking Water | Naturally Filtered, Added Minerals for Pure &amp; Refreshing Taste | Bottle",Clear,,,False,premium natural,,no_pack
FarmSe Raw Pumpkin Seeds,FarmSe,,,False,,,no_pack
Gemini Refined Sunflower Oil,Gemini,,,False,mini,,no_pack
Pringles Potato Chips Original,Pringles,,,False,original,,no_pack
Tata Coffee Belgian Chocolate Cold Coffee,Tata,,,False,chocolate,,no_pack
Lay&#39;s (West Indies Hot &#39;n&#39; Sweet Chilli) Potato Chips,Lay&#39;s,,,False,,,no_pack
Neosporin Antibiotic Ointment,Neosporin,,,False,,,no_pack
Meraki by Whole Farm Festive Dry Fruits Gift Pack,Meraki,,,False,whole dry,,no_pack
Himalaya Extra Moisturizing Baby Soap,Himalaya,,,False,extra,,no_pack
Nippo Thor AAA Alkaline Battery,Nippo,,,False,,,no_pack
"Philips Avent Breast milk storage bag (0-2 years, BPA Free)",Philips,,,False,,,no_pack
Toblerone Dark Chocolate Bar,Toblerone,,,False,chocolate,,no_pack
Keventer Chicken Nuggets,Keventer,,,False,,,no_pack
Parle Kismi Assorted Toffee,Parle,,,False,,,no_pack
Alpenliebe Strawberry Guava Juzt Jelly Assorted Flavour Birthday Pouch,Alpenliebe,,,False,strawberry,,no_pack
Bold Care Men's Hair Removal Spray with Aloe Vera & Shea Butter,Bold,,,False,butter,,no_pack
Shaastram Hair Oil Rose & Bhringraj,Shaastram,,,False,,,no_pack
House of Quirk Insulated Leakproof Lunch Bag,House,,,False,pro,,no_pack
Dubstep Buzz X11 TWS Earbuds (Black),Dubstep,,,False,,,no_pack
SUNSILK LUSCIOUS THICK &amp; LONG CONDITIONER,SUNSILK,,,False,,,no_pack
Chandramukhi Potato,Chandramukhi,,,False,,,no_pack
Antson 24 in 1 Mini Screw Driver Set,Antson,,,False,mini,,no_pack
Nestle A+ Probiotic Blueberry Yoghurt,Nestle,,,False,pro,,no_pack
SMOOR Pistachio & Kunafa Choco Bites Pack Of 8,SMOOR,8.0,count,True,,,ok
Paradyes Hazel Brown Glossy Tint Hair Colour Kit (Light Brown),Paradyes,,,False,,,no_pack
Pilgrim 24K Gold Face Mask For Glowing Skin,Pilgrim,,,False,,,no_pack
The Theatre Project Old Fashioned Caramel Gourmet Popcorn,,,,False,pro,,no_pack
Storia Tender Coconut Water- No Added Sugar,Storia,,,False,,,no_pack
Reese's Peanut Butter Crispy Wafer Chocolate,Reeses,,,False,chocolate butter,,no_pack
Lotte Subak Watermelon Ice Cream Popsicle,Lotte,,,False,,,no_pack
Just Say Makhana - Wasabi,Just,,,False,,,no_pack
Bombay Shaving Company Sensi Smart 3 Men's Razor Cartridge - Pack of 2,Bombay,2.0,count,True,,,ok
Veeba Cheesy Melt Cheddar I Cheesy Spread & Dressing,Veeba,,,False,,,no_pack
Goldiee Garam [2001] 50G.,Goldiee,50.0,g,False,,,ok
Ratan Brooms Broom / Jhadu (Grass),Ratan,,,False,,,no_pack
Little Joys Strawberry Honey Jam,Little,,,False,strawberry,,no_pack
KK 3-Fold Compact Umbrella (Jet Black),KK,,,False,,,no_pack
"Noise Pure Pods Wireless Open Ear OWS with Mic, 80H Playtime, ENC, BT v5.3 (Power Black)",Noise,,,False,,,no_pack
Lakme Tint Matte Sunscreen (SPF 50 PA++++),Lakme,,,False,,,no_pack
Marvis Anise Mint Mouth Wash,Marvis,,,False,mint,,no_pack
Meishi Spicy Teriyaki Sauce,Meishi,,,False,,,no_pack
Sour Dip N Stix Gummy Candy Strawberry Flavour,Sour,,,False,strawberry,,no_pack
"Swype Glass & Surface Cleaner, Refill Pack Pouch",Swype,,,False,,,no_pack
Skippi Natural Flavoured Ice Pops,Skippi,,,False,natural,,no_pack
Johnson's Baby Cream,Johnsons,,,False,,,no_pack
NESTEA Lemon Flavour Iced Tea,NESTEA,,,False,lemon,,no_pack
Halonix Prime Trios 9W LED Bulb B22 with 3-in-1 Light Modes & Wall Switch Control - CDL/NW/WW,Halonix,,,False,,,no_pack
Kab's Jackpot Schezwan Chilli Crisps,Kabs,,,False,,,no_pack
Meaty Story Amritsar Ka Chicken Seekh,Meaty,,,False,,,no_pack
Cavin's Chocolate Milkshake - Rich & Creamy,Cavins,,,False,chocolate creamy,,no_pack
True Elements Raw Pumpkin Seeds (250 g),True,250.0,g,False,,,ok
"TWININGS The Tea Lover Collection Assortment Tea Gift Set, Best Gift For Tea Lovers",TWININGS,,,False,,,no_pack
Motomax Chain Lubricant Spray for Chains in Bikes,Motomax,,,False,,,no_pack
Kastner Men Semi Formal Belt,Kastner,,,False,,,no_pack
Krishna Chakki Atta,Krishna,,,False,,,no_pack
Amul Gold Cookies n Cream Ice Cream Tub,Amul,,,False,,,no_pack
Amul Chocolate Cookies,Amul,,,False,chocolate,,no_pack
Farmley Natural Quinoa High Protein,Farmley,,,False,natural pro,,no_pack
NOICE Special Masala Roasted Makhana (No Palm Oil),NOICE,,,False,roasted masala,,no_pack
Popular Essentials Cashews Whole,Popular,,,False,whole,,no_pack
Noice Olive And Jalapeno Focaccia Bread (Freshly Made),Noice,,,False,,,no_pack
Cream & Onion Makhana & Diet Coke Combo,Cream,,,False,diet,,no_pack
Coconut Hookah Coal by Bongchie,Coconut,,,False,,,no_pack
Veeba Pasta &amp; Pizza Sauce Herby Tomato,Veeba,,,False,,,no_pack
Paper Boat Zero Sugar Green Apple Sparkling Drink,Paper Boat,,,False,zero,,no_pack
Harry Potter Thread Rakhi by Warner Bros.,Harry,,,False,,,no_pack
Paper Boat Jaljeera Refreshing Summer Drink,Paper Boat,,,False,,,no_pack
Borosil Prime Glass Bottle with Steel Lid (1 ltr),Borosil,1000.0,ml,False,,,ok
Pintola All Natural Peanut Butter Crunchy,Pintola,,,False,crunchy natural butter,,no_pack
"Bla Bli Blu Women Perfume Trial Pack (Floral, Fresh)",Bla,,,False,,,no_pack
iD Fresh Peanut Chutney 120 g,,120.0,g,False,,,ok
Henko Matic Top Load Liquid Detergent Refill Pouch - Super saver pack,Henko,,,False,,,no_pack
"Aashirvaad Saunf, 100% Fennel, 100g",Aashirvaad,100.0,g,False,,,ok
Giordano Midnight Oud Eau De Parfum,Giordano,,,False,,,no_pack
"Bazana Crunchy California Walnut - Omega-3 rich, Brain & Heart Wellness",Bazana,,,False,crunchy,,no_pack
Party Propz Black & Gold Happy Birthday Banner with Ribbon,Party,,,False,pro,,no_pack
Vembley Cat Eye Press On Nails (Nude Brown),Vembley,,,False,,,no_pack
The Belgian Gold Tin Gift Box,,,,False,,,no_pack
Tekcool Activated Carbon Tap Filter (Multicolour),Tekcool,,,False,,,no_pack
Truefarm Virgin Coconut Oil,Truefarm,,,False,,,no_pack
Hula Hoop Exfoliating Body Wash by Foxtale (Packaging May Vary),Hul,,,False,,,no_pack
"The Baker's Dozen Carrot Walnut, Cake Zero Maida",,,,False,zero,,no_pack
Beco Natural Dishwash Gel Pack,Beco,,,False,natural,,no_pack
"Tynor Knee Cap Air Breathable Support (1 Pair, Black, Orange)",Tynor,,,False,orange,,no_pack
Elle 18 Matte Max Liquid Lipstick (Nude Petal),Elle,,,False,,,no_pack
Sinco Super Cloth Clips / Cloth Pegs - Pack of 1 (12 Pieces),Sinco,1.0,count,True,,,ok
Pluckk On The Go Fruit Cup,Pluckk,,,False,,,no_pack
"Teakwood Leathers Women&#39;s Casual Belt, Brown (Genuine Leather) - Free Size",Teakwood,,,False,,,no_pack
MARS Cosmetics Lippy Top Hydrating Lip Gel (04-Zesty Cranberry),MARS,,,False,,,no_pack
Supreme Harvest Red Chilli Powder,Supreme,,,False,,,no_pack
Avocado Hass - Tanzania,Avocado,,,False,,,no_pack
Nivea Sunscreen (SPF 50),Nivea,,,False,,,no_pack
Phulwaa Fresh Daily Mix,Phulwaa,,,False,,,no_pack
HealthFields Organic Rozana Panchrangi Dal (Mix Daal),HealthFields,,,False,organic,,no_pack
Celery (Ajamoda),Celery,,,False,,,no_pack
